model,period,subset,n,accuracy,macro_f1,balanced_accuracy,correctness_auc,nll,brier,ece,mean_confidence,confidence_minus_accuracy
normal,validation,operational,17201,0.6846694959595372,0.4448172222675999,0.4064166660543692,0.8004931804229183,0.8986251030704737,0.4271471186610551,0.04223051491430588,0.7081727040367408,0.02350320807720363
normal,validation,unique_family,11038,0.5782750498278674,0.40661643232268163,0.37065037362001424,0.7037734496488306,1.171127167066725,0.566553384471935,0.06011946839627576,0.6374019055884723,0.059126855760604946
keyword_mask_refit,validation,operational,17201,0.6854252659729085,0.4453844247952602,0.40683972298578136,0.7990337278270679,0.8987696943986859,0.4273855872812544,0.04215899967964469,0.7091461424645147,0.023720876491606147
keyword_mask_frozen,validation,operational,17201,0.6842044067205395,0.4440311792118248,0.405766367429056,0.8002113212477151,0.8993515724490542,0.42764688401482615,0.041785315780989804,0.7077893619850109,0.023584955264471352
majority_prior,validation,operational,17201,0.483692808557642,0.09314458121323056,0.14285714285714285,0.5,1.4007830693130263,0.6782216750129698,0.023744638624904668,0.45994816993273735,-0.023744638624904668
normal,2024Q4,operational,18377,0.576644718942156,0.377117907871404,0.35746484969720876,0.7445059874102216,1.2141051227780117,0.5745653414678846,0.09622229162701823,0.672563184683665,0.09591846574150908
normal,2024Q4,novel_family,12317,0.5228545912153933,0.3568622803547126,0.33321928850387506,0.6805872350049725,1.3453213587933759,0.6396151605879125,0.10232475368596619,0.6246459263949442,0.10179133517955086
normal,2024Q4,unique_family,12476,0.5232446296890029,0.3567493154932353,0.333155673004498,0.6810315756367274,1.344877625399317,0.6393018179563175,0.10258789018830315,0.6253457892920395,0.10210115960303667
keyword_mask_refit,2024Q4,operational,18377,0.576644718942156,0.37827509959685657,0.358259127940848,0.7450579030831106,1.2136374536864687,0.5744391591541763,0.09745461952270383,0.6736201106930982,0.09697539175094227
keyword_mask_frozen,2024Q4,operational,18377,0.5766991347880502,0.37773250261457697,0.35791238911717127,0.7445147695753813,1.2142349585292425,0.5745532809885608,0.09611788178078282,0.6724858285997221,0.09578669381167182
majority_prior,2024Q4,operational,18377,0.47058823529411764,0.09142857142857143,0.14285714285714285,0.5,1.4936729412308578,0.7091963502094677,0.010640065361380235,0.4599481699327374,-0.010640065361380235
normal,2025Q1,operational,22959,0.5603467049958621,0.38073724059266495,0.3554842229893694,0.7077046035436351,1.2658173216698285,0.6019585009503967,0.09821413177380744,0.6579178251129868,0.09757112011712465
normal,2025Q1,novel_family,17063,0.5285119849967767,0.36786381159354736,0.3408833465284964,0.6802395485253511,1.3429628275419525,0.633390570144549,0.09318365712935195,0.6205982954496007,0.092086310452824
normal,2025Q1,unique_family,17172,0.5291171674819474,0.3678124222766298,0.3409482656556721,0.6809363452504767,1.342297779420748,0.6328423061060684,0.09306945364964962,0.6210019181054892,0.09188475062354184
keyword_mask_refit,2025Q1,operational,22959,0.5602160372838538,0.38016752248854047,0.35508012067282174,0.7077785767281441,1.266417962866076,0.6023226314210665,0.09920559730085839,0.6589321771291047,0.09871613984525085
keyword_mask_frozen,2025Q1,operational,22959,0.5599547018598371,0.38018450379363816,0.35495262945690514,0.7080620210771186,1.2661120330516336,0.6021110996041047,0.09834028653210891,0.6578220409838175,0.09786733912398038
majority_prior,2025Q1,operational,22959,0.4961017465917505,0.09474178911425993,0.14285714285714285,0.5,1.5030334310036546,0.7033361273112806,0.03615357665901314,0.45994816993273735,-0.03615357665901314
normal,2025Q2,operational,26848,0.5487559594755661,0.3944556419976247,0.3585858570205719,0.7590507876072478,1.152750526517194,0.5670852579046659,0.11462241773107797,0.6605073953913733,0.11175143591580716
normal,2025Q2,novel_family,17034,0.5442057062345896,0.3948487962796139,0.3658409444577297,0.7014911852174197,1.2885638329086988,0.6098684561205673,0.0821491637411453,0.6263548699757348,0.08214916374114511
normal,2025Q2,unique_family,17113,0.5446736399228657,0.39468969111169877,0.3658084761586378,0.702233668118644,1.2880552013898572,0.6093414092249045,0.0820398322806273,0.626713472203493,0.08203983228062739
keyword_mask_refit,2025Q2,operational,26848,0.5484207389749702,0.3940945110099247,0.35816296244399054,0.7591587777516957,1.154667923760114,0.5681298102026514,0.1150264563389754,0.6616238232052439,0.1132030842302737
keyword_mask_frozen,2025Q2,operational,26848,0.5485324791418356,0.3942736387208151,0.3584752597909762,0.7589399574525147,1.1532683732231868,0.5673450527284115,0.11464361575427325,0.6604049153094469,0.11187243616761133
majority_prior,2025Q2,operational,26848,0.4352651966626937,0.08664704268586554,0.14285714285714285,0.5,1.4659962629307606,0.7081899251632033,0.024682973270043596,0.4599481699327373,0.024682973270043596
normal,2025Q3,operational,30102,0.5144840874360508,0.37493300400692114,0.3379606104068818,0.7222907115921509,1.2321537491754255,0.6114957057275955,0.13017941637805946,0.6446635038141103,0.13017941637805952
normal,2025Q3,novel_family,19964,0.5436786215187337,0.387825344757145,0.3575027715368616,0.7055779665723907,1.2732348436881675,0.6071813703309245,0.07819616057235225,0.621874782091086,0.07819616057235235
normal,2025Q3,unique_family,20022,0.5434522025771651,0.38755656860372845,0.357411447242253,0.705949448389571,1.274396206143161,0.6074612453123764,0.07856786224081076,0.6220200648179759,0.0785678622408108
keyword_mask_refit,2025Q3,operational,30102,0.5135539166832769,0.3750613983389245,0.33810789850853673,0.7212345281131867,1.237155870356667,0.6137582915406509,0.13249125690049293,0.6460451735837698,0.1324912569004929
keyword_mask_frozen,2025Q3,operational,30102,0.5143844262839679,0.3747984482111187,0.3379759502339591,0.7219712392110328,1.2325035486957365,0.6116546105535258,0.13019468513925936,0.6445791114232273,0.13019468513925947
majority_prior,2025Q3,operational,30102,0.46239452528071223,0.09034000006490409,0.14285714285714285,0.5,1.4545677540917987,0.6989198006480918,0.0024463553479749933,0.45994816993273724,-0.0024463553479749933
normal,2025Q4,operational,20700,0.4744927536231884,0.3493225560263579,0.32136809052141285,0.7239558290915302,1.3348549552439974,0.6450102576200698,0.12930433359062957,0.6035707739981654,0.129078020374977
normal,2025Q4,novel_family,15164,0.5083091532577156,0.3779826175383064,0.3516198639385625,0.6857686526567347,1.3504729114792213,0.6463617354473633,0.09885430564332436,0.6068243208238265,0.0985151675661109
normal,2025Q4,unique_family,15199,0.5082571221790907,0.37782051608290235,0.35148870332218385,0.6858725610162697,1.351218840325769,0.6465515501093754,0.09912432742934989,0.6070430924926524,0.09878597031356173
keyword_mask_refit,2025Q4,operational,20700,0.47405797101449276,0.3484923698292181,0.320643567344517,0.7235373122471507,1.3376576586086475,0.6465098897036655,0.13054757510530182,0.6046055461197946,0.1305475751053018
keyword_mask_frozen,2025Q4,operational,20700,0.47405797101449276,0.34813063969644986,0.3206297325505489,0.7243428694150187,1.3353914493862655,0.6452515464930321,0.12953189818445293,0.6034854090192623,0.12942743800476952
majority_prior,2025Q4,operational,20700,0.4240096618357488,0.08507359248615143,0.14285714285714285,0.5,1.5529309265085842,0.7355699559892851,0.035938508096988564,0.45994816993273735,0.035938508096988564
normal,2026Q1,operational,20015,0.4998750936797402,0.3579407605519327,0.32177365169096905,0.7365292828111417,1.2382205146299867,0.6067331713728876,0.14427127853046168,0.6190332895041144,0.1191581958243742
normal,2026Q1,novel_family,13428,0.5350759606791778,0.3911522185378256,0.36016105382875246,0.6968757659936122,1.3120828883855253,0.6212900804564995,0.0812801510602979,0.6163561117394758,0.08128015106029796
normal,2026Q1,unique_family,13452,0.5350877192982456,0.3910771501327441,0.36011938597761006,0.6970806036179079,1.312319832743939,0.6212708715827517,0.0813309346957932,0.6164186539940388,0.08133093469579322
keyword_mask_refit,2026Q1,operational,20015,0.5000749437921559,0.3602117958433536,0.3232944757944997,0.7339671778908876,1.2419916113660476,0.6090454953216178,0.14452087859374227,0.6202055782039304,0.12013063441177452
keyword_mask_frozen,2026Q1,operational,20015,0.4996252810392206,0.35829700051510155,0.3219540104429958,0.7365026610084874,1.2389529862331252,0.6069915600146433,0.14449804778047112,0.6189834516112952,0.1193581705720746
majority_prior,2026Q1,operational,20015,0.5284036972270797,0.09877788518565218,0.14285714285714285,0.5,1.4435639440123609,0.6778571770457201,0.06845552729434223,0.45994816993273746,-0.06845552729434223
normal,2026Q2,operational,17463,0.5504208898814636,0.37922672124671475,0.34075667214701166,0.7350210389583818,1.2097514692811777,0.5792911960469945,0.07946805717308801,0.6210996054427743,0.07067871556131067
normal,2026Q2,novel_family,12441,0.5350052246603971,0.39351561789071,0.3590488025934958,0.7001988834685193,1.2835257812839216,0.6143148781279538,0.0790890938538358,0.6140943185142329,0.07908909385383578
normal,2026Q2,unique_family,12471,0.5350813888220672,0.39328246347304335,0.35888848656680733,0.7003374562361686,1.2835037824287947,0.6142576278878066,0.07912168712776381,0.6142030759498309,0.07912168712776368
keyword_mask_refit,2026Q2,operational,17463,0.5493901391513486,0.3783614227833686,0.3400121295016896,0.7356781596643791,1.211307386368048,0.5804658834798034,0.07838218270536466,0.6214224056347745,0.07203226648342587
keyword_mask_frozen,2026Q2,operational,17463,0.5501918341636604,0.3776612045055418,0.3395943511662372,0.7348141282116377,1.2103454509841878,0.5796040958159036,0.0795335011685097,0.6210442550014591,0.07085242083779875
majority_prior,2026Q2,operational,17463,0.4909809311114929,0.09408588876269484,0.14285714285714285,0.5,1.4843325515205743,0.7004494037620981,0.03103276117875542,0.45994816993273746,-0.03103276117875542
