model,period,subset,bin,n,accuracy,mean_confidence
normal,validation,operational,2,2,0.5,0.1986208644799527
normal,validation,operational,3,78,0.3076923076923077,0.24566358584476433
normal,validation,operational,4,486,0.29835390946502055,0.3061031890628373
normal,validation,operational,5,962,0.34303534303534305,0.3682456967040292
normal,validation,operational,6,1350,0.4325925925925926,0.4350958843371594
normal,validation,operational,7,1431,0.43466107617051014,0.5010985868191299
normal,validation,operational,8,1510,0.4900662251655629,0.5659499926490319
normal,validation,operational,9,1413,0.5774946921443737,0.6324470656584787
normal,validation,operational,10,1281,0.5792349726775956,0.6987288976677412
normal,validation,operational,11,1779,0.7937043282743114,0.7654258102068897
normal,validation,operational,12,1120,0.7517857142857143,0.8353294127620332
normal,validation,operational,13,3118,0.9441949967928159,0.9158491430484375
normal,validation,operational,14,2671,0.9640584050917259,0.9577187015123795
normal,validation,unique_family,2,2,0.5,0.1986208644799527
normal,validation,unique_family,3,73,0.3013698630136986,0.2451863821552537
normal,validation,unique_family,4,442,0.3076923076923077,0.3059410027996367
normal,validation,unique_family,5,851,0.33490011750881316,0.36827375503727816
normal,validation,unique_family,6,1214,0.42833607907743,0.43547506329799424
normal,validation,unique_family,7,1264,0.44462025316455694,0.5004712139552622
normal,validation,unique_family,8,1252,0.5175718849840255,0.5668377074477808
normal,validation,unique_family,9,1151,0.5586446568201564,0.6330757877828704
normal,validation,unique_family,10,1034,0.6015473887814313,0.6999553600509466
normal,validation,unique_family,11,968,0.6621900826446281,0.7672595924471418
normal,validation,unique_family,12,929,0.7395048439181916,0.833258177210421
normal,validation,unique_family,13,988,0.8370445344129555,0.9006743750267436
normal,validation,unique_family,14,870,0.906896551724138,0.964002135405475
keyword_mask_refit,validation,operational,2,1,0.0,0.19525171022920035
keyword_mask_refit,validation,operational,3,77,0.2597402597402597,0.24622615724421804
keyword_mask_refit,validation,operational,4,486,0.3374485596707819,0.306028805407171
keyword_mask_refit,validation,operational,5,956,0.3587866108786611,0.3686733903125456
keyword_mask_refit,validation,operational,6,1336,0.4214071856287425,0.4347776308844106
keyword_mask_refit,validation,operational,7,1486,0.4246298788694482,0.5014667457458936
keyword_mask_refit,validation,operational,8,1442,0.5062413314840499,0.5668430382149899
keyword_mask_refit,validation,operational,9,1417,0.5695130557515878,0.6324381125853967
keyword_mask_refit,validation,operational,10,1303,0.5771297006907138,0.6982303263628062
keyword_mask_refit,validation,operational,11,1776,0.7927927927927928,0.7656431288089174
keyword_mask_refit,validation,operational,12,1123,0.7542297417631345,0.834874248647899
keyword_mask_refit,validation,operational,13,3116,0.9438382541720154,0.9181626051016013
keyword_mask_refit,validation,operational,14,2682,0.9634601043997018,0.9582239499345108
keyword_mask_frozen,validation,operational,2,2,0.5,0.1986208644799527
keyword_mask_frozen,validation,operational,3,77,0.2857142857142857,0.2458870508169733
keyword_mask_frozen,validation,operational,4,495,0.30303030303030304,0.3062436127683575
keyword_mask_frozen,validation,operational,5,959,0.34410844629822734,0.3683172958748396
keyword_mask_frozen,validation,operational,6,1350,0.4325925925925926,0.4350287109547981
keyword_mask_frozen,validation,operational,7,1436,0.4352367688022284,0.5010687137174373
keyword_mask_frozen,validation,operational,8,1506,0.48804780876494025,0.565901615321031
keyword_mask_frozen,validation,operational,9,1413,0.5767869780608634,0.6324822966825245
keyword_mask_frozen,validation,operational,10,1288,0.5791925465838509,0.6987125926845662
keyword_mask_frozen,validation,operational,11,1788,0.7930648769574944,0.7655614992319637
keyword_mask_frozen,validation,operational,12,1118,0.7549194991055456,0.8351516736237581
keyword_mask_frozen,validation,operational,13,3104,0.9439432989690721,0.9159127598205709
keyword_mask_frozen,validation,operational,14,2665,0.9639774859287055,0.957718606989123
majority_prior,validation,operational,6,17201,0.483692808557642,0.45994816993273735
normal,2024Q4,operational,3,98,0.2755102040816326,0.24702342705101343
normal,2024Q4,operational,4,559,0.3005366726296959,0.30745700515236124
normal,2024Q4,operational,5,1183,0.30008453085376163,0.36952014632344116
normal,2024Q4,operational,6,1690,0.4272189349112426,0.4355909657156367
normal,2024Q4,operational,7,2005,0.41346633416458856,0.4987492115944824
normal,2024Q4,operational,8,2062,0.3617846750727449,0.5640202710579658
normal,2024Q4,operational,9,1674,0.44922341696535245,0.6327393350985927
normal,2024Q4,operational,10,1402,0.5442225392296719,0.7003703466751267
normal,2024Q4,operational,11,1806,0.7264673311184939,0.7648528489047435
normal,2024Q4,operational,12,1242,0.6884057971014492,0.8327338449399363
normal,2024Q4,operational,13,2374,0.802021903959562,0.9075064413741939
normal,2024Q4,operational,14,2282,0.9482909728308502,0.9711652079398547
normal,2024Q4,novel_family,3,88,0.2840909090909091,0.24676070600274735
normal,2024Q4,novel_family,4,507,0.29980276134122286,0.30756064898179486
normal,2024Q4,novel_family,5,1004,0.3197211155378486,0.3690240605286086
normal,2024Q4,novel_family,6,1391,0.40330697340043137,0.4351620563426315
normal,2024Q4,novel_family,7,1577,0.4178820545339252,0.4996905128768568
normal,2024Q4,novel_family,8,1416,0.4406779661016949,0.5653541294664338
normal,2024Q4,novel_family,9,1349,0.48628613787991104,0.6324364734647178
normal,2024Q4,novel_family,10,1177,0.5632965165675446,0.7005745154299181
normal,2024Q4,novel_family,11,1047,0.6055396370582617,0.7657228521296985
normal,2024Q4,novel_family,12,992,0.6925403225806451,0.8331178859040859
normal,2024Q4,novel_family,13,916,0.7783842794759825,0.8985593206383726
normal,2024Q4,novel_family,14,853,0.8733880422039859,0.9645646036384591
normal,2024Q4,unique_family,3,89,0.2808988764044944,0.24678398437200197
normal,2024Q4,unique_family,4,510,0.2980392156862745,0.30753465749447506
normal,2024Q4,unique_family,5,1016,0.3188976377952756,0.369136912393372
normal,2024Q4,unique_family,6,1403,0.40484675694939415,0.4351467256052424
normal,2024Q4,unique_family,7,1590,0.4176100628930818,0.4996789683707574
normal,2024Q4,unique_family,8,1434,0.4407252440725244,0.565382990892486
normal,2024Q4,unique_family,9,1369,0.48721694667640614,0.6325339887526832
normal,2024Q4,unique_family,10,1192,0.5604026845637584,0.7005984045310911
normal,2024Q4,unique_family,11,1057,0.6045411542100284,0.7656887359261825
normal,2024Q4,unique_family,12,1007,0.6931479642502483,0.8331971127238699
normal,2024Q4,unique_family,13,939,0.7763578274760383,0.8984987465426655
normal,2024Q4,unique_family,14,870,0.8758620689655172,0.9644824728932037
keyword_mask_refit,2024Q4,operational,3,94,0.26595744680851063,0.24703963261145329
keyword_mask_refit,2024Q4,operational,4,569,0.31282952548330406,0.30821597566554093
keyword_mask_refit,2024Q4,operational,5,1143,0.29571303587051617,0.3692953795976027
keyword_mask_refit,2024Q4,operational,6,1729,0.4251012145748988,0.43503610531117803
keyword_mask_refit,2024Q4,operational,7,2093,0.3865265169612996,0.5008472390254121
keyword_mask_refit,2024Q4,operational,8,1903,0.3914871255911718,0.5658884935519041
keyword_mask_refit,2024Q4,operational,9,1701,0.43738977072310403,0.6323339292156049
keyword_mask_refit,2024Q4,operational,10,1395,0.5505376344086022,0.7000251458529071
keyword_mask_refit,2024Q4,operational,11,1817,0.7215189873417721,0.7646387436659365
keyword_mask_refit,2024Q4,operational,12,1244,0.684887459807074,0.832148713278175
keyword_mask_refit,2024Q4,operational,13,2400,0.80125,0.9088010389475693
keyword_mask_refit,2024Q4,operational,14,2289,0.9475753604193972,0.9712887099264212
keyword_mask_frozen,2024Q4,operational,3,97,0.27835051546391754,0.24697813758582227
keyword_mask_frozen,2024Q4,operational,4,562,0.302491103202847,0.30762918914943743
keyword_mask_frozen,2024Q4,operational,5,1187,0.2990732940185341,0.3693013294494791
keyword_mask_frozen,2024Q4,operational,6,1689,0.428656009473061,0.4356598897467709
keyword_mask_frozen,2024Q4,operational,7,2000,0.412,0.4987453973931414
keyword_mask_frozen,2024Q4,operational,8,2062,0.36129970902036856,0.5639957978115425
keyword_mask_frozen,2024Q4,operational,9,1667,0.4505098980203959,0.6327074700289004
keyword_mask_frozen,2024Q4,operational,10,1409,0.5436479772888574,0.7002835313810787
keyword_mask_frozen,2024Q4,operational,11,1811,0.7261181667586969,0.7648659871869962
keyword_mask_frozen,2024Q4,operational,12,1240,0.6895161290322581,0.8326233576567802
keyword_mask_frozen,2024Q4,operational,13,2373,0.8023598820058997,0.9074967702968272
keyword_mask_frozen,2024Q4,operational,14,2280,0.9482456140350877,0.9711619633150134
majority_prior,2024Q4,operational,6,18377,0.47058823529411764,0.4599481699327374
normal,2025Q1,operational,2,2,0.0,0.19717017888567867
normal,2025Q1,operational,3,142,0.28169014084507044,0.24785092813165302
normal,2025Q1,operational,4,798,0.3107769423558897,0.30754851615590906
normal,2025Q1,operational,5,1637,0.35247403787416004,0.36978799142241947
normal,2025Q1,operational,6,2217,0.3852052322958954,0.4350278407165723
normal,2025Q1,operational,7,2548,0.3956043956043956,0.5001214464951789
normal,2025Q1,operational,8,2472,0.42880258899676377,0.5661209182113361
normal,2025Q1,operational,9,2010,0.48955223880597015,0.6337246907192077
normal,2025Q1,operational,10,1897,0.5577227200843436,0.699014194449114
normal,2025Q1,operational,11,2470,0.742914979757085,0.7655975995606704
normal,2025Q1,operational,12,1658,0.6936067551266586,0.8327507003425355
normal,2025Q1,operational,13,3857,0.7658802177858439,0.9083209512938194
normal,2025Q1,operational,14,1251,0.876898481215028,0.9637292102080623
normal,2025Q1,novel_family,2,2,0.0,0.19717017888567867
normal,2025Q1,novel_family,3,134,0.2835820895522388,0.24732866979179835
normal,2025Q1,novel_family,4,725,0.31310344827586206,0.30689095872703587
normal,2025Q1,novel_family,5,1491,0.35747820254862506,0.36964159689338716
normal,2025Q1,novel_family,6,1966,0.387589013224822,0.43494477381797647
normal,2025Q1,novel_family,7,2147,0.41779226828132277,0.49978344488371773
normal,2025Q1,novel_family,8,2000,0.461,0.565941193064903
normal,2025Q1,novel_family,9,1744,0.5,0.6341533742495455
normal,2025Q1,novel_family,10,1628,0.5491400491400491,0.7000356218053448
normal,2025Q1,novel_family,11,1500,0.63,0.7667662423351715
normal,2025Q1,novel_family,12,1392,0.7047413793103449,0.8326333684095802
normal,2025Q1,novel_family,13,1255,0.7960159362549801,0.898511741731488
normal,2025Q1,novel_family,14,1079,0.8785912882298424,0.9635339891455179
normal,2025Q1,unique_family,2,2,0.0,0.19717017888567867
normal,2025Q1,unique_family,3,135,0.2814814814814815,0.24740070738368708
normal,2025Q1,unique_family,4,728,0.31456043956043955,0.3069080279135195
normal,2025Q1,unique_family,5,1495,0.35719063545150503,0.36964655872001423
normal,2025Q1,unique_family,6,1972,0.3879310344827586,0.43490266512727044
normal,2025Q1,unique_family,7,2161,0.41647385469689957,0.4997875546951501
normal,2025Q1,unique_family,8,2015,0.46054590570719606,0.5659851310373676
normal,2025Q1,unique_family,9,1753,0.5008556759840274,0.634124720386812
normal,2025Q1,unique_family,10,1636,0.5488997555012225,0.699999252793794
normal,2025Q1,unique_family,11,1509,0.6322067594433399,0.7667938688516344
normal,2025Q1,unique_family,12,1406,0.705547652916074,0.8327355087769466
normal,2025Q1,unique_family,13,1276,0.7978056426332288,0.8985706382893129
normal,2025Q1,unique_family,14,1084,0.8782287822878229,0.9636146047735639
keyword_mask_refit,2025Q1,operational,2,2,0.0,0.1933738764192861
keyword_mask_refit,2025Q1,operational,3,145,0.25517241379310346,0.24858261721808328
keyword_mask_refit,2025Q1,operational,4,788,0.3134517766497462,0.307534002083416
keyword_mask_refit,2025Q1,operational,5,1615,0.34674922600619196,0.36993203156939003
keyword_mask_refit,2025Q1,operational,6,2218,0.3787195671776375,0.43453076681460806
keyword_mask_refit,2025Q1,operational,7,2512,0.4072452229299363,0.4997909349357692
keyword_mask_refit,2025Q1,operational,8,2479,0.43041549011698266,0.5659929345961954
keyword_mask_refit,2025Q1,operational,9,2004,0.47754491017964074,0.6329881687862858
keyword_mask_refit,2025Q1,operational,10,1926,0.5623052959501558,0.6987580788775686
keyword_mask_refit,2025Q1,operational,11,2444,0.7397708674304418,0.7653545905610781
keyword_mask_refit,2025Q1,operational,12,1698,0.6919905771495878,0.8324137692404326
keyword_mask_refit,2025Q1,operational,13,3866,0.7648732540093119,0.9091590043557349
keyword_mask_refit,2025Q1,operational,14,1262,0.8779714738510301,0.9641559335239476
keyword_mask_frozen,2025Q1,operational,2,2,0.0,0.19717017888567867
keyword_mask_frozen,2025Q1,operational,3,143,0.27972027972027974,0.2478772097160865
keyword_mask_frozen,2025Q1,operational,4,794,0.30856423173803527,0.307461409620892
keyword_mask_frozen,2025Q1,operational,5,1639,0.3526540573520439,0.3697031850445098
keyword_mask_frozen,2025Q1,operational,6,2214,0.38346883468834686,0.43499516841884583
keyword_mask_frozen,2025Q1,operational,7,2552,0.39537617554858934,0.500100060443966
keyword_mask_frozen,2025Q1,operational,8,2476,0.42851373182552505,0.5661095284151183
keyword_mask_frozen,2025Q1,operational,9,2013,0.488822652757079,0.6336722932938985
keyword_mask_frozen,2025Q1,operational,10,1896,0.5585443037974683,0.6989775856981562
keyword_mask_frozen,2025Q1,operational,11,2471,0.7426143261837312,0.7656242167175442
keyword_mask_frozen,2025Q1,operational,12,1658,0.6924004825090471,0.8327509925574585
keyword_mask_frozen,2025Q1,operational,13,3855,0.766277561608301,0.9083578257651242
keyword_mask_frozen,2025Q1,operational,14,1246,0.8780096308186196,0.9637912489622809
majority_prior,2025Q1,operational,6,22959,0.4961017465917505,0.45994816993273735
normal,2025Q2,operational,3,123,0.25203252032520324,0.247070134180091
normal,2025Q2,operational,4,763,0.3040629095674967,0.306363748552532
normal,2025Q2,operational,5,1668,0.39388489208633093,0.3711452719470345
normal,2025Q2,operational,6,4235,0.1936245572609209,0.43094225959889115
normal,2025Q2,operational,7,2513,0.3836052526860326,0.49868248379264424
normal,2025Q2,operational,8,2266,0.4390997352162401,0.5665116538531425
normal,2025Q2,operational,9,1976,0.5151821862348178,0.6318287029900966
normal,2025Q2,operational,10,2003,0.5971043434847728,0.6989467863969201
normal,2025Q2,operational,11,2651,0.7389664277631083,0.7653438271672083
normal,2025Q2,operational,12,1860,0.774731182795699,0.8339958481568939
normal,2025Q2,operational,13,5282,0.771488072699735,0.9100716850764229
normal,2025Q2,operational,14,1508,0.8919098143236074,0.9631968025063294
normal,2025Q2,novel_family,3,110,0.22727272727272727,0.2466436281543979
normal,2025Q2,novel_family,4,697,0.29124820659971307,0.3062791834999953
normal,2025Q2,novel_family,5,1427,0.358093903293623,0.36930738136364555
normal,2025Q2,novel_family,6,1945,0.3691516709511568,0.4350187451807202
normal,2025Q2,novel_family,7,2112,0.4152462121212121,0.4991203299698543
normal,2025Q2,novel_family,8,1924,0.46205821205821207,0.5665033362501015
normal,2025Q2,novel_family,9,1747,0.5174585002862049,0.6323438595296654
normal,2025Q2,novel_family,10,1624,0.5929802955665024,0.699558777253368
normal,2025Q2,novel_family,11,1505,0.651827242524917,0.7658083106538315
normal,2025Q2,novel_family,12,1466,0.7489768076398363,0.8330817133264793
normal,2025Q2,novel_family,13,1405,0.8170818505338078,0.8998379944808452
normal,2025Q2,novel_family,14,1072,0.8889925373134329,0.9632592895263248
normal,2025Q2,unique_family,3,110,0.22727272727272727,0.2466436281543979
normal,2025Q2,unique_family,4,699,0.290414878397711,0.3062360700154775
normal,2025Q2,unique_family,5,1432,0.35824022346368717,0.3693047020378923
normal,2025Q2,unique_family,6,1950,0.3687179487179487,0.43501401239765697
normal,2025Q2,unique_family,7,2118,0.4145420207743154,0.49911026593538793
normal,2025Q2,unique_family,8,1935,0.462015503875969,0.5665058369789621
normal,2025Q2,unique_family,9,1752,0.5171232876712328,0.6323351317940549
normal,2025Q2,unique_family,10,1629,0.5942295887047269,0.6995579042368132
normal,2025Q2,unique_family,11,1511,0.6525479814692257,0.7658157614447976
normal,2025Q2,unique_family,12,1477,0.7488151658767772,0.8331051244908012
normal,2025Q2,unique_family,13,1418,0.8180535966149506,0.8998287873860428
normal,2025Q2,unique_family,14,1082,0.890018484288355,0.9633084664021002
keyword_mask_refit,2025Q2,operational,3,121,0.2396694214876033,0.24695535005310054
keyword_mask_refit,2025Q2,operational,4,765,0.2928104575163399,0.3066824231516347
keyword_mask_refit,2025Q2,operational,5,1665,0.38618618618618616,0.3714853170046777
keyword_mask_refit,2025Q2,operational,6,4230,0.19598108747044918,0.4324510637716017
keyword_mask_refit,2025Q2,operational,7,2522,0.38540840602696275,0.4984061211654545
keyword_mask_refit,2025Q2,operational,8,2257,0.44661054497120073,0.567166806749602
keyword_mask_refit,2025Q2,operational,9,1953,0.5033282130056324,0.6321386896177166
keyword_mask_refit,2025Q2,operational,10,1969,0.5896394108684612,0.6984978447644603
keyword_mask_refit,2025Q2,operational,11,2675,0.7394392523364486,0.7661317391521604
keyword_mask_refit,2025Q2,operational,12,1838,0.7763873775843307,0.8339616136389949
keyword_mask_refit,2025Q2,operational,13,5296,0.7709592145015106,0.9105572808646377
keyword_mask_refit,2025Q2,operational,14,1557,0.8908156711624919,0.9630518025966125
keyword_mask_frozen,2025Q2,operational,3,121,0.2396694214876033,0.2468335814771114
keyword_mask_frozen,2025Q2,operational,4,767,0.3050847457627119,0.3064223848698339
keyword_mask_frozen,2025Q2,operational,5,1669,0.3936488915518274,0.3713599072670168
keyword_mask_frozen,2025Q2,operational,6,4240,0.1929245283018868,0.43096284660109563
keyword_mask_frozen,2025Q2,operational,7,2515,0.3864811133200795,0.49870921832541387
keyword_mask_frozen,2025Q2,operational,8,2262,0.4376657824933687,0.5665254475981606
keyword_mask_frozen,2025Q2,operational,9,1971,0.5149670218163369,0.6318619894855991
keyword_mask_frozen,2025Q2,operational,10,2010,0.5975124378109453,0.6989337766873197
keyword_mask_frozen,2025Q2,operational,11,2649,0.7383918459796149,0.7653320586577437
keyword_mask_frozen,2025Q2,operational,12,1859,0.7746100053792362,0.8339500806160205
keyword_mask_frozen,2025Q2,operational,13,5277,0.7714610574189881,0.9100790524591341
keyword_mask_frozen,2025Q2,operational,14,1508,0.8912466843501327,0.9631432870075342
majority_prior,2025Q2,operational,6,26848,0.4352651966626937,0.4599481699327373
normal,2025Q3,operational,2,1,0.0,0.19724722977671802
normal,2025Q3,operational,3,193,0.22279792746113988,0.2477032757208269
normal,2025Q3,operational,4,834,0.29376498800959233,0.3065012552266312
normal,2025Q3,operational,5,1860,0.3634408602150538,0.3697772316086385
normal,2025Q3,operational,6,4797,0.2086720867208672,0.43099432739909815
normal,2025Q3,operational,7,2972,0.3872812920592194,0.49938134819442503
normal,2025Q3,operational,8,2830,0.4565371024734982,0.5667126055472511
normal,2025Q3,operational,9,2366,0.5202874049027895,0.6334522045885917
normal,2025Q3,operational,10,2657,0.5829883327060594,0.6972106936975109
normal,2025Q3,operational,11,3891,0.6245181187355435,0.759077054061733
normal,2025Q3,operational,12,1983,0.7685325264750378,0.8329228874786613
normal,2025Q3,operational,13,4170,0.7163069544364509,0.9135936594274772
normal,2025Q3,operational,14,1548,0.8772609819121447,0.9642339104673665
normal,2025Q3,novel_family,2,1,0.0,0.19724722977671802
normal,2025Q3,novel_family,3,180,0.22777777777777777,0.2480800758298511
normal,2025Q3,novel_family,4,766,0.2963446475195822,0.30629784373555363
normal,2025Q3,novel_family,5,1623,0.33887861983980283,0.3687265805240162
normal,2025Q3,novel_family,6,2363,0.3643673296656792,0.43442481608251937
normal,2025Q3,novel_family,7,2569,0.41377968080965355,0.4993964895898269
normal,2025Q3,novel_family,8,2361,0.46590427784836935,0.5666502015852314
normal,2025Q3,novel_family,9,2052,0.5272904483430799,0.6331359685604797
normal,2025Q3,novel_family,10,1844,0.6171366594360087,0.6994530207801622
normal,2025Q3,novel_family,11,1892,0.6738900634249472,0.7640872508627184
normal,2025Q3,novel_family,12,1611,0.7635009310986964,0.8333127172819597
normal,2025Q3,novel_family,13,1433,0.8143754361479414,0.900043906895503
normal,2025Q3,novel_family,14,1269,0.8825847123719465,0.9637221352513071
normal,2025Q3,unique_family,2,1,0.0,0.19724722977671802
normal,2025Q3,unique_family,3,180,0.22777777777777777,0.2480800758298511
normal,2025Q3,unique_family,4,768,0.2955729166666667,0.3063014273961688
normal,2025Q3,unique_family,5,1626,0.33886838868388686,0.3687249986468427
normal,2025Q3,unique_family,6,2367,0.3637515842839037,0.43439968818328617
normal,2025Q3,unique_family,7,2577,0.41249514939852544,0.49939664543991685
normal,2025Q3,unique_family,8,2368,0.4653716216216216,0.566656403213918
normal,2025Q3,unique_family,9,2056,0.5272373540856031,0.633108538464548
normal,2025Q3,unique_family,10,1850,0.6167567567567568,0.6994289259687454
normal,2025Q3,unique_family,11,1898,0.6733403582718651,0.7640791806099585
normal,2025Q3,unique_family,12,1614,0.7639405204460966,0.8333116339515977
normal,2025Q3,unique_family,13,1442,0.8148404993065187,0.9000372962473183
normal,2025Q3,unique_family,14,1275,0.8823529411764706,0.9637493658962941
keyword_mask_refit,2025Q3,operational,2,1,0.0,0.19621577927602488
keyword_mask_refit,2025Q3,operational,3,185,0.21621621621621623,0.2468621348929592
keyword_mask_refit,2025Q3,operational,4,851,0.282021151586369,0.3067320355139637
keyword_mask_refit,2025Q3,operational,5,1870,0.3695187165775401,0.37029311148203925
keyword_mask_refit,2025Q3,operational,6,4758,0.2065994115174443,0.43238106037014545
keyword_mask_refit,2025Q3,operational,7,2952,0.39058265582655827,0.49885062386840123
keyword_mask_refit,2025Q3,operational,8,2823,0.44562522139567834,0.5663461744886377
keyword_mask_refit,2025Q3,operational,9,2379,0.5199663724253888,0.632903796740926
keyword_mask_refit,2025Q3,operational,10,2655,0.5743879472693032,0.6984827625282131
keyword_mask_refit,2025Q3,operational,11,3867,0.6263253167830359,0.7613786510098907
keyword_mask_refit,2025Q3,operational,12,2004,0.7634730538922155,0.8327404106632306
keyword_mask_refit,2025Q3,operational,13,4201,0.7179243037372054,0.9153288293301011
keyword_mask_refit,2025Q3,operational,14,1556,0.8766066838046273,0.9644783681935009
keyword_mask_frozen,2025Q3,operational,2,1,0.0,0.19724722977671802
keyword_mask_frozen,2025Q3,operational,3,191,0.2198952879581152,0.2477811388602461
keyword_mask_frozen,2025Q3,operational,4,839,0.2967818831942789,0.30655841900599556
keyword_mask_frozen,2025Q3,operational,5,1860,0.36612903225806454,0.3698538110001962
keyword_mask_frozen,2025Q3,operational,6,4797,0.20783823222847614,0.43096401914196736
keyword_mask_frozen,2025Q3,operational,7,2973,0.3884964682139253,0.49945068719277746
keyword_mask_frozen,2025Q3,operational,8,2826,0.45258315640481245,0.5667029136717434
keyword_mask_frozen,2025Q3,operational,9,2374,0.5197978096040438,0.6334753931650382
keyword_mask_frozen,2025Q3,operational,10,2653,0.5853750471164719,0.6971770414819236
keyword_mask_frozen,2025Q3,operational,11,3890,0.6246786632390745,0.7590523484086302
keyword_mask_frozen,2025Q3,operational,12,1985,0.7682619647355163,0.832823941918489
keyword_mask_frozen,2025Q3,operational,13,4168,0.7161708253358925,0.9135461088382013
keyword_mask_frozen,2025Q3,operational,14,1545,0.8763754045307444,0.9642407911574598
majority_prior,2025Q3,operational,6,30102,0.46239452528071223,0.45994816993273724
normal,2025Q4,operational,2,1,0.0,0.1932703330799551
normal,2025Q4,operational,3,141,0.2624113475177305,0.24579899445387135
normal,2025Q4,operational,4,739,0.3044654939106901,0.3069396937166839
normal,2025Q4,operational,5,1568,0.33864795918367346,0.36979044729726057
normal,2025Q4,operational,6,3796,0.22181243414120128,0.4313468603696438
normal,2025Q4,operational,7,2384,0.3733221476510067,0.4994870494496399
normal,2025Q4,operational,8,2386,0.3595976529756915,0.5641561093083344
normal,2025Q4,operational,9,1772,0.4367945823927765,0.6323402107533109
normal,2025Q4,operational,10,1857,0.6138933764135702,0.6995436045127625
normal,2025Q4,operational,11,2609,0.7071674971253353,0.7600285617357605
normal,2025Q4,operational,12,1306,0.7327718223583461,0.8312353051297698
normal,2025Q4,operational,13,1151,0.7454387489139879,0.9001245022325182
normal,2025Q4,operational,14,990,0.8737373737373737,0.9636843417764089
normal,2025Q4,novel_family,2,1,0.0,0.1932703330799551
normal,2025Q4,novel_family,3,132,0.26515151515151514,0.2456716295346058
normal,2025Q4,novel_family,4,682,0.2961876832844575,0.30703113150829847
normal,2025Q4,novel_family,5,1429,0.3337998600419874,0.36982411869467224
normal,2025Q4,novel_family,6,1995,0.3669172932330827,0.4345486568682791
normal,2025Q4,novel_family,7,1966,0.41149542217700913,0.499190159065126
normal,2025Q4,novel_family,8,1730,0.44104046242774564,0.5663990586004537
normal,2025Q4,novel_family,9,1576,0.4543147208121827,0.6324724336228941
normal,2025Q4,novel_family,10,1428,0.572829131652661,0.6994058971051987
normal,2025Q4,novel_family,11,1342,0.6616989567809239,0.7651794765509656
normal,2025Q4,novel_family,12,1064,0.7039473684210527,0.8326315488376997
normal,2025Q4,novel_family,13,917,0.7906215921483097,0.9005989946775408
normal,2025Q4,novel_family,14,902,0.8802660753880266,0.9634335960250052
normal,2025Q4,unique_family,2,1,0.0,0.1932703330799551
normal,2025Q4,unique_family,3,132,0.26515151515151514,0.2456716295346058
normal,2025Q4,unique_family,4,682,0.2961876832844575,0.30703113150829847
normal,2025Q4,unique_family,5,1432,0.3331005586592179,0.369784704709601
normal,2025Q4,unique_family,6,1996,0.3667334669338677,0.43455916243888015
normal,2025Q4,unique_family,7,1969,0.41137633316404265,0.49918346223154886
normal,2025Q4,unique_family,8,1738,0.4407364787111623,0.5663971212626496
normal,2025Q4,unique_family,9,1576,0.4543147208121827,0.6324724336228941
normal,2025Q4,unique_family,10,1430,0.5720279720279721,0.6993932799450472
normal,2025Q4,unique_family,11,1344,0.6614583333333334,0.7651837772949441
normal,2025Q4,unique_family,12,1071,0.7058823529411765,0.8326323114242729
normal,2025Q4,unique_family,13,923,0.789815817984832,0.900583125735681
normal,2025Q4,unique_family,14,905,0.8784530386740331,0.9634532745083164
keyword_mask_refit,2025Q4,operational,2,1,0.0,0.1959106820330136
keyword_mask_refit,2025Q4,operational,3,150,0.24666666666666667,0.24683088051229135
keyword_mask_refit,2025Q4,operational,4,711,0.2939521800281294,0.3067764889587164
keyword_mask_refit,2025Q4,operational,5,1584,0.3409090909090909,0.36939435974744556
keyword_mask_refit,2025Q4,operational,6,3812,0.22402938090241342,0.43261744332369334
keyword_mask_refit,2025Q4,operational,7,2344,0.371160409556314,0.4994910681447244
keyword_mask_refit,2025Q4,operational,8,2399,0.3563984993747395,0.5646052620941521
keyword_mask_refit,2025Q4,operational,9,1780,0.44662921348314605,0.6324789837281142
keyword_mask_refit,2025Q4,operational,10,1806,0.5952380952380952,0.6998246087976538
keyword_mask_refit,2025Q4,operational,11,2589,0.7083816145229819,0.7609604975321075
keyword_mask_refit,2025Q4,operational,12,1365,0.7421245421245422,0.8304888833042765
keyword_mask_refit,2025Q4,operational,13,1166,0.741852487135506,0.9003363440356106
keyword_mask_refit,2025Q4,operational,14,993,0.8721047331319235,0.9639583741139524
keyword_mask_frozen,2025Q4,operational,2,1,0.0,0.1932703330799551
keyword_mask_frozen,2025Q4,operational,3,142,0.2535211267605634,0.2459073038047617
keyword_mask_frozen,2025Q4,operational,4,738,0.3008130081300813,0.30694001841137397
keyword_mask_frozen,2025Q4,operational,5,1571,0.3392743475493316,0.369921729057726
keyword_mask_frozen,2025Q4,operational,6,3796,0.22233930453108536,0.4313349689978774
keyword_mask_frozen,2025Q4,operational,7,2382,0.36859781696053734,0.4995772662370913
keyword_mask_frozen,2025Q4,operational,8,2393,0.36188884245716674,0.5641908223233547
keyword_mask_frozen,2025Q4,operational,9,1770,0.4384180790960452,0.6324224439050931
keyword_mask_frozen,2025Q4,operational,10,1850,0.6124324324324324,0.6995205111198333
keyword_mask_frozen,2025Q4,operational,11,2618,0.706646294881589,0.7599247940062763
keyword_mask_frozen,2025Q4,operational,12,1295,0.7366795366795367,0.8312133032433603
keyword_mask_frozen,2025Q4,operational,13,1154,0.7417677642980935,0.8998756184795876
keyword_mask_frozen,2025Q4,operational,14,990,0.8737373737373737,0.9636933207655308
majority_prior,2025Q4,operational,6,20700,0.4240096618357488,0.45994816993273735
normal,2026Q1,operational,2,1,0.0,0.18405210751669773
normal,2026Q1,operational,3,109,0.22935779816513763,0.24770947355968798
normal,2026Q1,operational,4,596,0.2802013422818792,0.30520035835235254
normal,2026Q1,operational,5,1271,0.3556254917387884,0.3713316502478495
normal,2026Q1,operational,6,2749,0.26991633321207714,0.4323934301409527
normal,2026Q1,operational,7,2214,0.34914182475158084,0.4994891400290641
normal,2026Q1,operational,8,2391,0.342534504391468,0.5638124631815592
normal,2026Q1,operational,9,2825,0.29876106194690266,0.6254891177410478
normal,2026Q1,operational,10,1812,0.6793598233995585,0.7023662559305858
normal,2026Q1,operational,11,2729,0.8534261634298278,0.7613341241549392
normal,2026Q1,operational,12,1324,0.7885196374622356,0.8288609598368042
normal,2026Q1,operational,13,1089,0.7337006427915519,0.8985046969437857
normal,2026Q1,operational,14,905,0.861878453038674,0.9646984582631499
normal,2026Q1,novel_family,2,1,0.0,0.18405210751669773
normal,2026Q1,novel_family,3,104,0.22115384615384615,0.24768940227775824
normal,2026Q1,novel_family,4,552,0.2807971014492754,0.30502001339440954
normal,2026Q1,novel_family,5,1128,0.3377659574468085,0.3702699486085938
normal,2026Q1,novel_family,6,1616,0.3917079207920792,0.4342021300528908
normal,2026Q1,novel_family,7,1746,0.3963344788087056,0.49886614514850164
normal,2026Q1,novel_family,8,1642,0.45493300852618757,0.5654212203333585
normal,2026Q1,novel_family,9,1372,0.5138483965014577,0.6325444309357663
normal,2026Q1,novel_family,10,1305,0.61455938697318,0.7006098897886274
normal,2026Q1,novel_family,11,1269,0.7328605200945626,0.7648163625878144
normal,2026Q1,novel_family,12,969,0.7254901960784313,0.8312968749426424
normal,2026Q1,novel_family,13,883,0.7814269535673839,0.898998753030918
normal,2026Q1,novel_family,14,841,0.8608799048751486,0.9646808482749711
normal,2026Q1,unique_family,2,1,0.0,0.18405210751669773
normal,2026Q1,unique_family,3,104,0.22115384615384615,0.24768940227775824
normal,2026Q1,unique_family,4,552,0.2807971014492754,0.30502001339440954
normal,2026Q1,unique_family,5,1129,0.337466784765279,0.3702546089690364
normal,2026Q1,unique_family,6,1617,0.3914656771799629,0.434215020877608
normal,2026Q1,unique_family,7,1750,0.396,0.49890094729319934
normal,2026Q1,unique_family,8,1649,0.454214675560946,0.565440904063151
normal,2026Q1,unique_family,9,1375,0.5149090909090909,0.6325379702897769
normal,2026Q1,unique_family,10,1305,0.61455938697318,0.7006098897886274
normal,2026Q1,unique_family,11,1270,0.7330708661417323,0.7648058281642344
normal,2026Q1,unique_family,12,972,0.7263374485596708,0.8313130899248963
normal,2026Q1,unique_family,13,886,0.781038374717833,0.8989459614954842
normal,2026Q1,unique_family,14,842,0.8610451306413301,0.9646978894989856
keyword_mask_refit,2026Q1,operational,2,1,0.0,0.1775316318611677
keyword_mask_refit,2026Q1,operational,3,117,0.20512820512820512,0.2483891140481304
keyword_mask_refit,2026Q1,operational,4,606,0.29207920792079206,0.3055697759394002
keyword_mask_refit,2026Q1,operational,5,1265,0.3565217391304348,0.3719471286354475
keyword_mask_refit,2026Q1,operational,6,2749,0.2720989450709349,0.4334737644709645
keyword_mask_refit,2026Q1,operational,7,2217,0.35543527289129456,0.4998392455391358
keyword_mask_refit,2026Q1,operational,8,2319,0.3527382492453644,0.5646346513561599
keyword_mask_refit,2026Q1,operational,9,2852,0.28892005610098176,0.6264615737128065
keyword_mask_refit,2026Q1,operational,10,1761,0.6524701873935264,0.7019046830159379
keyword_mask_refit,2026Q1,operational,11,2702,0.8519615099925981,0.7616264364725971
keyword_mask_refit,2026Q1,operational,12,1425,0.8021052631578948,0.8280698268018498
keyword_mask_refit,2026Q1,operational,13,1090,0.7376146788990826,0.8989150300990102
keyword_mask_refit,2026Q1,operational,14,911,0.8572996706915478,0.9647446466275205
keyword_mask_frozen,2026Q1,operational,2,1,0.0,0.18405210751669773
keyword_mask_frozen,2026Q1,operational,3,111,0.22522522522522523,0.24738112136689247
keyword_mask_frozen,2026Q1,operational,4,596,0.2835570469798658,0.3049228842006545
keyword_mask_frozen,2026Q1,operational,5,1271,0.35405192761605037,0.3713363089825304
keyword_mask_frozen,2026Q1,operational,6,2745,0.26958105646630237,0.43239453343951395
keyword_mask_frozen,2026Q1,operational,7,2211,0.3487109905020353,0.4995186272914033
keyword_mask_frozen,2026Q1,operational,8,2402,0.34388009991673607,0.5637665326308514
keyword_mask_frozen,2026Q1,operational,9,2818,0.2966643009226402,0.6255270820181978
keyword_mask_frozen,2026Q1,operational,10,1811,0.6791827719491993,0.7023377129873786
keyword_mask_frozen,2026Q1,operational,11,2734,0.8533284564740308,0.7613067589015995
keyword_mask_frozen,2026Q1,operational,12,1329,0.7885628291948834,0.828992218304196
keyword_mask_frozen,2026Q1,operational,13,1082,0.732902033271719,0.898503113155641
keyword_mask_frozen,2026Q1,operational,14,904,0.8617256637168141,0.9647006950921533
majority_prior,2026Q1,operational,6,20015,0.5284036972270797,0.45994816993273746
normal,2026Q2,operational,3,84,0.25,0.2518491086770979
normal,2026Q2,operational,4,541,0.29390018484288355,0.30620623728639057
normal,2026Q2,operational,5,1169,0.34302822925577414,0.36903613180380157
normal,2026Q2,operational,6,2385,0.25870020964360585,0.4326231752833829
normal,2026Q2,operational,7,2150,0.4172093023255814,0.5002743806741301
normal,2026Q2,operational,8,2008,0.4198207171314741,0.5640967863425066
normal,2026Q2,operational,9,1790,0.6016759776536312,0.6301873053272332
normal,2026Q2,operational,10,2313,0.6368352788586251,0.6981564939848084
normal,2026Q2,operational,11,1877,0.8044752264251465,0.7635886327739829
normal,2026Q2,operational,12,1194,0.7931323283082077,0.8312923944191416
normal,2026Q2,operational,13,1005,0.8119402985074626,0.9014535469303541
normal,2026Q2,operational,14,947,0.8986272439281943,0.9644062189555148
normal,2026Q2,novel_family,3,84,0.25,0.2518491086770979
normal,2026Q2,novel_family,4,506,0.30237154150197626,0.3061746185702287
normal,2026Q2,novel_family,5,1068,0.3445692883895131,0.36894846037340634
normal,2026Q2,novel_family,6,1531,0.37034617896799477,0.43477325818882745
normal,2026Q2,novel_family,7,1691,0.42105263157894735,0.49913896073770714
normal,2026Q2,novel_family,8,1535,0.450814332247557,0.5666163792120583
normal,2026Q2,novel_family,9,1292,0.5170278637770898,0.6329185624172
normal,2026Q2,novel_family,10,1184,0.5945945945945946,0.7000916989183026
normal,2026Q2,novel_family,11,1066,0.6829268292682927,0.7650196391874984
normal,2026Q2,novel_family,12,893,0.7469204927211646,0.83190951997139
normal,2026Q2,novel_family,13,780,0.8346153846153846,0.9005836164305173
normal,2026Q2,novel_family,14,811,0.8939580764488286,0.9653416574104484
normal,2026Q2,unique_family,3,84,0.25,0.2518491086770979
normal,2026Q2,unique_family,4,507,0.30177514792899407,0.3061078993566238
normal,2026Q2,unique_family,5,1069,0.34424695977549113,0.36891556151136845
normal,2026Q2,unique_family,6,1533,0.370515329419439,0.434781105867152
normal,2026Q2,unique_family,7,1696,0.4209905660377358,0.4991594423096785
normal,2026Q2,unique_family,8,1542,0.45136186770428016,0.5666198101423551
normal,2026Q2,unique_family,9,1294,0.5162287480680062,0.6328819910956168
normal,2026Q2,unique_family,10,1184,0.5945945945945946,0.7000916989183026
normal,2026Q2,unique_family,11,1066,0.6829268292682927,0.7650196391874984
normal,2026Q2,unique_family,12,897,0.745819397993311,0.8319530486674116
normal,2026Q2,unique_family,13,787,0.8360864040660737,0.9004833499067675
normal,2026Q2,unique_family,14,812,0.8940886699507389,0.9653585144319813
keyword_mask_refit,2026Q2,operational,3,85,0.2235294117647059,0.2515491261230852
keyword_mask_refit,2026Q2,operational,4,555,0.2972972972972973,0.3072221089821784
keyword_mask_refit,2026Q2,operational,5,1138,0.3374340949033392,0.3690843247984346
keyword_mask_refit,2026Q2,operational,6,2412,0.2570480928689884,0.43332528279283394
keyword_mask_refit,2026Q2,operational,7,2131,0.41764429845143125,0.49933045330614084
keyword_mask_refit,2026Q2,operational,8,2127,0.4508697696285849,0.5662373459793786
keyword_mask_refit,2026Q2,operational,9,1659,0.569620253164557,0.6318962006294052
keyword_mask_refit,2026Q2,operational,10,2320,0.6392241379310345,0.6969050021325988
keyword_mask_refit,2026Q2,operational,11,1818,0.7942794279427943,0.7637820167811558
keyword_mask_refit,2026Q2,operational,12,1267,0.8058405682715075,0.8308892761945778
keyword_mask_refit,2026Q2,operational,13,961,0.7991675338189386,0.9011859314911824
keyword_mask_refit,2026Q2,operational,14,990,0.9050505050505051,0.9635186337197233
keyword_mask_frozen,2026Q2,operational,3,83,0.25301204819277107,0.25152128409287877
keyword_mask_frozen,2026Q2,operational,4,542,0.2933579335793358,0.30606988104381705
keyword_mask_frozen,2026Q2,operational,5,1166,0.3439108061749571,0.36904365651732746
keyword_mask_frozen,2026Q2,operational,6,2384,0.25796979865771813,0.4325413807492444
keyword_mask_frozen,2026Q2,operational,7,2154,0.4182915506035283,0.5003149828336636
keyword_mask_frozen,2026Q2,operational,8,2006,0.41824526420737784,0.5640453237771326
keyword_mask_frozen,2026Q2,operational,9,1794,0.600891861761427,0.6300635863315736
keyword_mask_frozen,2026Q2,operational,10,2320,0.6375,0.6981189647204548
keyword_mask_frozen,2026Q2,operational,11,1868,0.80406852248394,0.763557216548549
keyword_mask_frozen,2026Q2,operational,12,1197,0.7928153717627402,0.8313498742632167
keyword_mask_frozen,2026Q2,operational,13,1004,0.8107569721115537,0.9014905830614967
keyword_mask_frozen,2026Q2,operational,14,945,0.8994708994708994,0.9644184527292923
majority_prior,2026Q2,operational,6,17463,0.4909809311114929,0.45994816993273746
