period,threshold,issue,support,accepted,coverage,accepted_accuracy
validation,0.5,Attempts to collect debt not owed,8320,7185,0.8635817307692307,0.9018789144050104
validation,0.5,Communication tactics,928,599,0.6454741379310345,0.6477462437395659
validation,0.5,Electronic communications,298,147,0.49328859060402686,0.14285714285714285
validation,0.5,False statements or representation,1469,899,0.6119809394145678,0.12124582869855395
validation,0.5,Threatened to contact someone or share information improperly,197,101,0.5126903553299492,0.07920792079207921
validation,0.5,Took or threatened to take negative or legal action,1320,813,0.615909090909091,0.2964329643296433
validation,0.5,Written notification about debt,4669,3895,0.8342257442707218,0.8107830551989731
validation,0.6,Attempts to collect debt not owed,8320,6226,0.7483173076923076,0.929007388371346
validation,0.6,Communication tactics,928,465,0.5010775862068966,0.7075268817204301
validation,0.6,Electronic communications,298,91,0.3053691275167785,0.13186813186813187
validation,0.6,False statements or representation,1469,567,0.3859768550034037,0.11992945326278659
validation,0.6,Threatened to contact someone or share information improperly,197,57,0.2893401015228426,0.07017543859649122
validation,0.6,Took or threatened to take negative or legal action,1320,524,0.396969696969697,0.30343511450381677
validation,0.6,Written notification about debt,4669,3452,0.739344613407582,0.8618192352259559
validation,0.7,Attempts to collect debt not owed,8320,5099,0.6128605769230769,0.9611688566385566
validation,0.7,Communication tactics,928,354,0.38146551724137934,0.7655367231638418
validation,0.7,Electronic communications,298,57,0.1912751677852349,0.10526315789473684
validation,0.7,False statements or representation,1469,313,0.213070115724983,0.11182108626198083
validation,0.7,Threatened to contact someone or share information improperly,197,29,0.14720812182741116,0.10344827586206896
validation,0.7,Took or threatened to take negative or legal action,1320,315,0.23863636363636365,0.30158730158730157
validation,0.7,Written notification about debt,4669,3105,0.6650246305418719,0.907890499194847
validation,0.8,Attempts to collect debt not owed,8320,3492,0.41971153846153847,0.9730813287514318
validation,0.8,Communication tactics,928,257,0.2769396551724138,0.8287937743190662
validation,0.8,Electronic communications,298,26,0.087248322147651,0.11538461538461539
validation,0.8,False statements or representation,1469,152,0.10347174948944861,0.10526315789473684
validation,0.8,Threatened to contact someone or share information improperly,197,13,0.06598984771573604,0.23076923076923078
validation,0.8,Took or threatened to take negative or legal action,1320,168,0.12727272727272726,0.34523809523809523
validation,0.8,Written notification about debt,4669,2801,0.5999143285500107,0.9532309889325241
validation,0.9,Attempts to collect debt not owed,8320,2405,0.2890625,0.9854469854469855
validation,0.9,Communication tactics,928,153,0.1648706896551724,0.8758169934640523
validation,0.9,Electronic communications,298,12,0.040268456375838924,0.25
validation,0.9,False statements or representation,1469,54,0.03675970047651463,0.07407407407407407
validation,0.9,Threatened to contact someone or share information improperly,197,7,0.03553299492385787,0.14285714285714285
validation,0.9,Took or threatened to take negative or legal action,1320,56,0.04242424242424243,0.35714285714285715
validation,0.9,Written notification about debt,4669,2500,0.5354465624330692,0.9896
validation,0.95,Attempts to collect debt not owed,8320,612,0.07355769230769231,0.9803921568627451
validation,0.95,Communication tactics,928,88,0.09482758620689655,0.9318181818181818
validation,0.95,Electronic communications,298,4,0.013422818791946308,0.25
validation,0.95,False statements or representation,1469,25,0.01701837985023826,0.04
validation,0.95,Threatened to contact someone or share information improperly,197,5,0.025380710659898477,0.2
validation,0.95,Took or threatened to take negative or legal action,1320,19,0.014393939393939395,0.3157894736842105
validation,0.95,Written notification about debt,4669,507,0.10858856286142643,0.9921104536489151
2024Q4,0.5,Attempts to collect debt not owed,8648,7077,0.8183395004625347,0.8469690546841883
2024Q4,0.5,Communication tactics,937,586,0.6254002134471718,0.6006825938566553
2024Q4,0.5,Electronic communications,345,173,0.5014492753623189,0.09248554913294797
2024Q4,0.5,False statements or representation,2811,1891,0.6727143365350409,0.05023796932839767
2024Q4,0.5,Threatened to contact someone or share information improperly,224,117,0.5223214285714286,0.09401709401709402
2024Q4,0.5,Took or threatened to take negative or legal action,1695,1004,0.592330383480826,0.2101593625498008
2024Q4,0.5,Written notification about debt,3717,2983,0.802528921172989,0.7455581629232316
2024Q4,0.6,Attempts to collect debt not owed,8648,5960,0.6891766882516188,0.87248322147651
2024Q4,0.6,Communication tactics,937,443,0.4727854855923159,0.6772009029345373
2024Q4,0.6,Electronic communications,345,107,0.3101449275362319,0.07476635514018691
2024Q4,0.6,False statements or representation,2811,1093,0.3888295980078264,0.04574565416285453
2024Q4,0.6,Threatened to contact someone or share information improperly,224,72,0.32142857142857145,0.125
2024Q4,0.6,Took or threatened to take negative or legal action,1695,585,0.34513274336283184,0.22735042735042735
2024Q4,0.6,Written notification about debt,3717,2520,0.6779661016949152,0.8134920634920635
2024Q4,0.7,Attempts to collect debt not owed,8648,4835,0.5590888066604995,0.8955532574974147
2024Q4,0.7,Communication tactics,937,335,0.3575240128068303,0.7582089552238805
2024Q4,0.7,Electronic communications,345,65,0.18840579710144928,0.09230769230769231
2024Q4,0.7,False statements or representation,2811,592,0.21060120953397368,0.04391891891891892
2024Q4,0.7,Threatened to contact someone or share information improperly,224,40,0.17857142857142858,0.075
2024Q4,0.7,Took or threatened to take negative or legal action,1695,345,0.20353982300884957,0.21159420289855072
2024Q4,0.7,Written notification about debt,3717,2187,0.5883777239709443,0.8797439414723366
2024Q4,0.8,Attempts to collect debt not owed,8648,3220,0.3723404255319149,0.8860248447204969
2024Q4,0.8,Communication tactics,937,223,0.23799359658484526,0.820627802690583
2024Q4,0.8,Electronic communications,345,31,0.08985507246376812,0.03225806451612903
2024Q4,0.8,False statements or representation,2811,262,0.09320526503023835,0.04961832061068702
2024Q4,0.8,Threatened to contact someone or share information improperly,224,16,0.07142857142857142,0.0
2024Q4,0.8,Took or threatened to take negative or legal action,1695,185,0.10914454277286136,0.1945945945945946
2024Q4,0.8,Written notification about debt,3717,1961,0.5275760021522733,0.9367669556348802
2024Q4,0.9,Attempts to collect debt not owed,8648,1721,0.1990055504162812,0.9767576990122022
2024Q4,0.9,Communication tactics,937,108,0.1152614727854856,0.8981481481481481
2024Q4,0.9,Electronic communications,345,6,0.017391304347826087,0.0
2024Q4,0.9,False statements or representation,2811,63,0.022411953041622197,0.015873015873015872
2024Q4,0.9,Threatened to contact someone or share information improperly,224,4,0.017857142857142856,0.0
2024Q4,0.9,Took or threatened to take negative or legal action,1695,66,0.03893805309734513,0.22727272727272727
2024Q4,0.9,Written notification about debt,3717,1723,0.46354587032553135,0.9791062100986652
2024Q4,0.95,Attempts to collect debt not owed,8648,520,0.060129509713228495,0.9807692307692307
2024Q4,0.95,Communication tactics,937,66,0.07043756670224119,0.9242424242424242
2024Q4,0.95,Electronic communications,345,4,0.011594202898550725,0.0
2024Q4,0.95,False statements or representation,2811,14,0.004980434009249377,0.0
2024Q4,0.95,Threatened to contact someone or share information improperly,224,3,0.013392857142857142,0.0
2024Q4,0.95,Took or threatened to take negative or legal action,1695,30,0.017699115044247787,0.3
2024Q4,0.95,Written notification about debt,3717,1406,0.37826203927898844,0.9879089615931721
2025Q1,0.5,Attempts to collect debt not owed,11390,9362,0.8219490781387182,0.8521683400982696
2025Q1,0.5,Communication tactics,1348,843,0.6253709198813057,0.6536180308422301
2025Q1,0.5,Electronic communications,553,288,0.5207956600361664,0.13194444444444445
2025Q1,0.5,False statements or representation,3590,2397,0.6676880222841226,0.04422194409678765
2025Q1,0.5,Threatened to contact someone or share information improperly,321,165,0.514018691588785,0.15151515151515152
2025Q1,0.5,Took or threatened to take negative or legal action,1990,1149,0.5773869346733669,0.2506527415143603
2025Q1,0.5,Written notification about debt,3767,2713,0.72020175205734,0.6210836712126797
2025Q1,0.6,Attempts to collect debt not owed,11390,7935,0.6966637401229149,0.8652804032766226
2025Q1,0.6,Communication tactics,1348,639,0.47403560830860536,0.7198748043818466
2025Q1,0.6,Electronic communications,553,184,0.33273056057866185,0.14130434782608695
2025Q1,0.6,False statements or representation,3590,1432,0.3988857938718663,0.03770949720670391
2025Q1,0.6,Threatened to contact someone or share information improperly,321,92,0.2866043613707165,0.08695652173913043
2025Q1,0.6,Took or threatened to take negative or legal action,1990,734,0.3688442211055276,0.2683923705722071
2025Q1,0.6,Written notification about debt,3767,2127,0.5646402973188214,0.689703808180536
2025Q1,0.7,Attempts to collect debt not owed,11390,6502,0.5708516242317823,0.8706551830206091
2025Q1,0.7,Communication tactics,1348,478,0.3545994065281899,0.801255230125523
2025Q1,0.7,Electronic communications,553,116,0.20976491862567812,0.09482758620689655
2025Q1,0.7,False statements or representation,3590,835,0.23259052924791088,0.03473053892215569
2025Q1,0.7,Threatened to contact someone or share information improperly,321,46,0.14330218068535824,0.10869565217391304
2025Q1,0.7,Took or threatened to take negative or legal action,1990,428,0.2150753768844221,0.2757009345794392
2025Q1,0.7,Written notification about debt,3767,1708,0.453411202548447,0.7687353629976581
2025Q1,0.8,Attempts to collect debt not owed,11390,4347,0.3816505706760316,0.8339084426040948
2025Q1,0.8,Communication tactics,1348,331,0.24554896142433236,0.8821752265861027
2025Q1,0.8,Electronic communications,553,57,0.10307414104882459,0.10526315789473684
2025Q1,0.8,False statements or representation,3590,395,0.11002785515320335,0.030379746835443037
2025Q1,0.8,Threatened to contact someone or share information improperly,321,21,0.06542056074766354,0.047619047619047616
2025Q1,0.8,Took or threatened to take negative or legal action,1990,243,0.1221105527638191,0.30864197530864196
2025Q1,0.8,Written notification about debt,3767,1372,0.36421555614547385,0.8673469387755102
2025Q1,0.9,Attempts to collect debt not owed,11390,2052,0.18015803336259878,0.982943469785575
2025Q1,0.9,Communication tactics,1348,181,0.13427299703264095,0.9668508287292817
2025Q1,0.9,Electronic communications,553,19,0.034358047016274866,0.21052631578947367
2025Q1,0.9,False statements or representation,3590,105,0.02924791086350975,0.01904761904761905
2025Q1,0.9,Threatened to contact someone or share information improperly,321,8,0.024922118380062305,0.0
2025Q1,0.9,Took or threatened to take negative or legal action,1990,81,0.0407035175879397,0.25925925925925924
2025Q1,0.9,Written notification about debt,3767,1051,0.2790018582426334,0.950523311132255
2025Q1,0.95,Attempts to collect debt not owed,11390,651,0.057155399473222124,0.9738863287250384
2025Q1,0.95,Communication tactics,1348,104,0.0771513353115727,0.9711538461538461
2025Q1,0.95,Electronic communications,553,7,0.012658227848101266,0.2857142857142857
2025Q1,0.95,False statements or representation,3590,34,0.00947075208913649,0.0
2025Q1,0.95,Threatened to contact someone or share information improperly,321,3,0.009345794392523364,0.0
2025Q1,0.95,Took or threatened to take negative or legal action,1990,33,0.016582914572864323,0.18181818181818182
2025Q1,0.95,Written notification about debt,3767,85,0.02256437483408548,0.8
2025Q2,0.5,Attempts to collect debt not owed,11686,9890,0.8463118261167208,0.8135490394337714
2025Q2,0.5,Communication tactics,1277,764,0.5982772122161315,0.662303664921466
2025Q2,0.5,Electronic communications,557,321,0.5763016157989228,0.1557632398753894
2025Q2,0.5,False statements or representation,3279,1976,0.6026227508386703,0.06882591093117409
2025Q2,0.5,Threatened to contact someone or share information improperly,344,157,0.4563953488372093,0.1337579617834395
2025Q2,0.5,Took or threatened to take negative or legal action,1826,1039,0.5690032858707558,0.2627526467757459
2025Q2,0.5,Written notification about debt,7879,4541,0.57634217540297,0.7612860603391324
2025Q2,0.6,Attempts to collect debt not owed,11686,8527,0.729676536026014,0.8303037410578163
2025Q2,0.6,Communication tactics,1277,589,0.46123727486296007,0.7300509337860781
2025Q2,0.6,Electronic communications,557,213,0.38240574506283664,0.13615023474178403
2025Q2,0.6,False statements or representation,3279,1237,0.3772491613296737,0.05901374292643492
2025Q2,0.6,Threatened to contact someone or share information improperly,344,88,0.2558139534883721,0.10227272727272728
2025Q2,0.6,Took or threatened to take negative or legal action,1826,691,0.3784227820372399,0.25615050651230103
2025Q2,0.6,Written notification about debt,7879,3935,0.4994288615306511,0.8223634053367217
2025Q2,0.7,Attempts to collect debt not owed,11686,7227,0.6184323121684067,0.8280060882800608
2025Q2,0.7,Communication tactics,1277,442,0.346123727486296,0.7895927601809954
2025Q2,0.7,Electronic communications,557,133,0.23877917414721722,0.15789473684210525
2025Q2,0.7,False statements or representation,3279,707,0.21561451662092102,0.05374823196605375
2025Q2,0.7,Threatened to contact someone or share information improperly,344,46,0.13372093023255813,0.10869565217391304
2025Q2,0.7,Took or threatened to take negative or legal action,1826,418,0.2289156626506024,0.23444976076555024
2025Q2,0.7,Written notification about debt,7879,3245,0.4118542962304861,0.8946070878274268
2025Q2,0.8,Attempts to collect debt not owed,11686,4917,0.42075988362142736,0.7874720357941835
2025Q2,0.8,Communication tactics,1277,302,0.2364917776037588,0.8708609271523179
2025Q2,0.8,Electronic communications,557,73,0.1310592459605027,0.1506849315068493
2025Q2,0.8,False statements or representation,3279,322,0.09820067093626106,0.046583850931677016
2025Q2,0.8,Threatened to contact someone or share information improperly,344,21,0.061046511627906974,0.09523809523809523
2025Q2,0.8,Took or threatened to take negative or legal action,1826,224,0.12267250821467689,0.23214285714285715
2025Q2,0.8,Written notification about debt,7879,2791,0.35423277065617464,0.9480472948763884
2025Q2,0.9,Attempts to collect debt not owed,11686,2357,0.20169433510183124,0.9550275774289351
2025Q2,0.9,Communication tactics,1277,165,0.12920908379013313,0.9393939393939394
2025Q2,0.9,Electronic communications,557,30,0.05385996409335727,0.16666666666666666
2025Q2,0.9,False statements or representation,3279,87,0.026532479414455627,0.04597701149425287
2025Q2,0.9,Threatened to contact someone or share information improperly,344,6,0.01744186046511628,0.16666666666666666
2025Q2,0.9,Took or threatened to take negative or legal action,1826,60,0.03285870755750274,0.23333333333333334
2025Q2,0.9,Written notification about debt,7879,2083,0.264373651478614,0.9788766202592415
2025Q2,0.95,Attempts to collect debt not owed,11686,824,0.07051172342974499,0.9405339805825242
2025Q2,0.95,Communication tactics,1277,95,0.07439310884886452,0.9157894736842105
2025Q2,0.95,Electronic communications,557,7,0.012567324955116697,0.2857142857142857
2025Q2,0.95,False statements or representation,3279,19,0.005794449527294907,0.05263157894736842
2025Q2,0.95,Threatened to contact someone or share information improperly,344,1,0.0029069767441860465,0.0
2025Q2,0.95,Took or threatened to take negative or legal action,1826,24,0.013143483023001095,0.2916666666666667
2025Q2,0.95,Written notification about debt,7879,99,0.012565046325675847,0.8181818181818182
2025Q3,0.5,Attempts to collect debt not owed,13919,11757,0.8446727494791293,0.8290380199030365
2025Q3,0.5,Communication tactics,1368,822,0.6008771929824561,0.6605839416058394
2025Q3,0.5,Electronic communications,584,301,0.5154109589041096,0.21926910299003322
2025Q3,0.5,False statements or representation,4076,2362,0.5794896957801766,0.07239627434377646
2025Q3,0.5,Threatened to contact someone or share information improperly,363,180,0.49586776859504134,0.1111111111111111
2025Q3,0.5,Took or threatened to take negative or legal action,2058,1186,0.576287657920311,0.24620573355817876
2025Q3,0.5,Written notification about debt,7734,4259,0.5506852857512283,0.4926038976285513
2025Q3,0.6,Attempts to collect debt not owed,13919,9961,0.7156404914146132,0.8460997891777934
2025Q3,0.6,Communication tactics,1368,617,0.4510233918128655,0.7406807131280388
2025Q3,0.6,Electronic communications,584,184,0.3150684931506849,0.24456521739130435
2025Q3,0.6,False statements or representation,4076,1450,0.35574092247301276,0.06827586206896552
2025Q3,0.6,Threatened to contact someone or share information improperly,363,107,0.29476584022038566,0.1308411214953271
2025Q3,0.6,Took or threatened to take negative or legal action,2058,739,0.359086491739553,0.2665764546684709
2025Q3,0.6,Written notification about debt,7734,3557,0.4599172485130592,0.5170087152094461
2025Q3,0.7,Attempts to collect debt not owed,13919,7860,0.5646957396364681,0.8646310432569975
2025Q3,0.7,Communication tactics,1368,479,0.35014619883040937,0.8121085594989561
2025Q3,0.7,Electronic communications,584,115,0.1969178082191781,0.2782608695652174
2025Q3,0.7,False statements or representation,4076,770,0.1889106967615309,0.05584415584415584
2025Q3,0.7,Threatened to contact someone or share information improperly,363,71,0.19559228650137742,0.1267605633802817
2025Q3,0.7,Took or threatened to take negative or legal action,2058,444,0.21574344023323616,0.240990990990991
2025Q3,0.7,Written notification about debt,7734,2976,0.3847944142746315,0.5440188172043011
2025Q3,0.8,Attempts to collect debt not owed,13919,4205,0.30210503628134205,0.9631391200951248
2025Q3,0.8,Communication tactics,1368,344,0.25146198830409355,0.872093023255814
2025Q3,0.8,Electronic communications,584,64,0.1095890410958904,0.296875
2025Q3,0.8,False statements or representation,4076,323,0.07924435721295388,0.06501547987616099
2025Q3,0.8,Threatened to contact someone or share information improperly,363,35,0.09641873278236915,0.05714285714285714
2025Q3,0.8,Took or threatened to take negative or legal action,2058,244,0.1185617103984451,0.2336065573770492
2025Q3,0.8,Written notification about debt,7734,2486,0.32143780708559605,0.5711987127916331
2025Q3,0.9,Attempts to collect debt not owed,13919,2324,0.16696601767368346,0.9694492254733219
2025Q3,0.9,Communication tactics,1368,186,0.13596491228070176,0.9139784946236559
2025Q3,0.9,Electronic communications,584,27,0.046232876712328765,0.1111111111111111
2025Q3,0.9,False statements or representation,4076,85,0.02085377821393523,0.047058823529411764
2025Q3,0.9,Threatened to contact someone or share information improperly,363,12,0.03305785123966942,0.0
2025Q3,0.9,Took or threatened to take negative or legal action,2058,100,0.04859086491739553,0.15
2025Q3,0.9,Written notification about debt,7734,1959,0.25329712955779676,0.5324144971924452
2025Q3,0.95,Attempts to collect debt not owed,13919,858,0.061642359364896905,0.9662004662004662
2025Q3,0.95,Communication tactics,1368,94,0.06871345029239766,0.925531914893617
2025Q3,0.95,Electronic communications,584,12,0.02054794520547945,0.08333333333333333
2025Q3,0.95,False statements or representation,4076,36,0.008832188420019628,0.05555555555555555
2025Q3,0.95,Threatened to contact someone or share information improperly,363,3,0.008264462809917356,0.0
2025Q3,0.95,Took or threatened to take negative or legal action,2058,27,0.013119533527696793,0.2962962962962963
2025Q3,0.95,Written notification about debt,7734,110,0.014222911817946729,0.8
2025Q4,0.5,Attempts to collect debt not owed,8777,7065,0.8049447419391592,0.843170559094126
2025Q4,0.5,Communication tactics,1028,613,0.5963035019455253,0.6606851549755302
2025Q4,0.5,Electronic communications,526,274,0.5209125475285171,0.15693430656934307
2025Q4,0.5,False statements or representation,3088,1834,0.5939119170984456,0.09323882224645584
2025Q4,0.5,Threatened to contact someone or share information improperly,314,131,0.4171974522292994,0.10687022900763359
2025Q4,0.5,Took or threatened to take negative or legal action,2159,1323,0.6127836961556276,0.16250944822373395
2025Q4,0.5,Written notification about debt,4808,2027,0.42158901830282863,0.4666995559940799
2025Q4,0.6,Attempts to collect debt not owed,8777,5863,0.6679958983707417,0.8841889817499574
2025Q4,0.6,Communication tactics,1028,471,0.4581712062256809,0.7409766454352441
2025Q4,0.6,Electronic communications,526,165,0.31368821292775667,0.15151515151515152
2025Q4,0.6,False statements or representation,3088,1093,0.3539507772020725,0.08234217749313816
2025Q4,0.6,Threatened to contact someone or share information improperly,314,92,0.2929936305732484,0.11956521739130435
2025Q4,0.6,Took or threatened to take negative or legal action,2159,670,0.3103288559518296,0.19402985074626866
2025Q4,0.6,Written notification about debt,4808,1331,0.2768302828618968,0.4883546205860255
2025Q4,0.7,Attempts to collect debt not owed,8777,4714,0.5370855645436937,0.8935086974968179
2025Q4,0.7,Communication tactics,1028,359,0.34922178988326846,0.807799442896936
2025Q4,0.7,Electronic communications,526,93,0.17680608365019013,0.16129032258064516
2025Q4,0.7,False statements or representation,3088,523,0.16936528497409326,0.08986615678776291
2025Q4,0.7,Threatened to contact someone or share information improperly,314,54,0.17197452229299362,0.12962962962962962
2025Q4,0.7,Took or threatened to take negative or legal action,2159,382,0.17693376563223714,0.20680628272251309
2025Q4,0.7,Written notification about debt,4808,857,0.17824459234608986,0.5309218203033839
2025Q4,0.8,Attempts to collect debt not owed,8777,2200,0.25065512133986556,0.9586363636363636
2025Q4,0.8,Communication tactics,1028,254,0.24708171206225682,0.8503937007874016
2025Q4,0.8,Electronic communications,526,46,0.08745247148288973,0.13043478260869565
2025Q4,0.8,False statements or representation,3088,231,0.07480569948186529,0.08225108225108226
2025Q4,0.8,Threatened to contact someone or share information improperly,314,25,0.07961783439490445,0.16
2025Q4,0.8,Took or threatened to take negative or legal action,2159,212,0.09819360815192218,0.1650943396226415
2025Q4,0.8,Written notification about debt,4808,479,0.09962562396006655,0.6075156576200418
2025Q4,0.9,Attempts to collect debt not owed,8777,1038,0.11826364361399111,0.9739884393063584
2025Q4,0.9,Communication tactics,1028,147,0.14299610894941633,0.9319727891156463
2025Q4,0.9,Electronic communications,526,16,0.030418250950570342,0.125
2025Q4,0.9,False statements or representation,3088,78,0.025259067357512953,0.07692307692307693
2025Q4,0.9,Threatened to contact someone or share information improperly,314,12,0.03821656050955414,0.16666666666666666
2025Q4,0.9,Took or threatened to take negative or legal action,2159,68,0.031496062992125984,0.10294117647058823
2025Q4,0.9,Written notification about debt,4808,219,0.04554908485856905,0.6164383561643836
2025Q4,0.95,Attempts to collect debt not owed,8777,520,0.05924575595305913,0.9826923076923076
2025Q4,0.95,Communication tactics,1028,78,0.07587548638132295,0.9615384615384616
2025Q4,0.95,Electronic communications,526,5,0.009505703422053232,0.4
2025Q4,0.95,False statements or representation,3088,30,0.009715025906735751,0.03333333333333333
2025Q4,0.95,Threatened to contact someone or share information improperly,314,4,0.012738853503184714,0.0
2025Q4,0.95,Took or threatened to take negative or legal action,2159,22,0.010189902732746642,0.045454545454545456
2025Q4,0.95,Written notification about debt,4808,57,0.011855241264559068,0.6842105263157895
2026Q1,0.5,Attempts to collect debt not owed,10576,8986,0.8496596066565809,0.7459381259737369
2026Q1,0.5,Communication tactics,897,549,0.6120401337792643,0.6174863387978142
2026Q1,0.5,Electronic communications,474,217,0.4578059071729958,0.1935483870967742
2026Q1,0.5,False statements or representation,2665,1575,0.5909943714821764,0.11492063492063492
2026Q1,0.5,Threatened to contact someone or share information improperly,290,118,0.4068965517241379,0.211864406779661
2026Q1,0.5,Took or threatened to take negative or legal action,1767,1136,0.6428975664968873,0.15580985915492956
2026Q1,0.5,Written notification about debt,3346,1559,0.46592946802151824,0.4939063502245029
2026Q1,0.6,Attempts to collect debt not owed,10576,7490,0.7082072617246596,0.7901201602136182
2026Q1,0.6,Communication tactics,897,400,0.4459308807134894,0.6925
2026Q1,0.6,Electronic communications,474,138,0.2911392405063291,0.21014492753623187
2026Q1,0.6,False statements or representation,2665,917,0.34409005628517825,0.11123227917121047
2026Q1,0.6,Threatened to contact someone or share information improperly,290,67,0.23103448275862068,0.208955223880597
2026Q1,0.6,Took or threatened to take negative or legal action,1767,641,0.36276174306734577,0.1809672386895476
2026Q1,0.6,Written notification about debt,3346,1031,0.3081291093843395,0.553831231813773
2026Q1,0.7,Attempts to collect debt not owed,10576,5105,0.482696671709531,0.9659157688540646
2026Q1,0.7,Communication tactics,897,285,0.3177257525083612,0.7578947368421053
2026Q1,0.7,Electronic communications,474,65,0.1371308016877637,0.15384615384615385
2026Q1,0.7,False statements or representation,2665,478,0.17936210131332084,0.0899581589958159
2026Q1,0.7,Threatened to contact someone or share information improperly,290,35,0.1206896551724138,0.22857142857142856
2026Q1,0.7,Took or threatened to take negative or legal action,1767,410,0.2320316921335597,0.18292682926829268
2026Q1,0.7,Written notification about debt,3346,666,0.1990436341900777,0.6021021021021021
2026Q1,0.8,Attempts to collect debt not owed,10576,2236,0.21142208774583965,0.9713774597495528
2026Q1,0.8,Communication tactics,897,202,0.22519509476031216,0.7871287128712872
2026Q1,0.8,Electronic communications,474,32,0.06751054852320675,0.1875
2026Q1,0.8,False statements or representation,2665,218,0.08180112570356472,0.06422018348623854
2026Q1,0.8,Threatened to contact someone or share information improperly,290,15,0.05172413793103448,0.13333333333333333
2026Q1,0.8,Took or threatened to take negative or legal action,1767,259,0.14657611771363893,0.16988416988416988
2026Q1,0.8,Written notification about debt,3346,356,0.10639569635385535,0.6348314606741573
2026Q1,0.9,Attempts to collect debt not owed,10576,962,0.0909606656580938,0.9864864864864865
2026Q1,0.9,Communication tactics,897,106,0.11817168338907469,0.8584905660377359
2026Q1,0.9,Electronic communications,474,14,0.029535864978902954,0.14285714285714285
2026Q1,0.9,False statements or representation,2665,64,0.02401500938086304,0.015625
2026Q1,0.9,Threatened to contact someone or share information improperly,290,3,0.010344827586206896,0.0
2026Q1,0.9,Took or threatened to take negative or legal action,1767,138,0.07809847198641766,0.09420289855072464
2026Q1,0.9,Written notification about debt,3346,165,0.04931261207411835,0.6848484848484848
2026Q1,0.95,Attempts to collect debt not owed,10576,481,0.0454803328290469,0.9937629937629938
2026Q1,0.95,Communication tactics,897,58,0.06465997770345597,0.9310344827586207
2026Q1,0.95,Electronic communications,474,5,0.010548523206751054,0.0
2026Q1,0.95,False statements or representation,2665,25,0.009380863039399626,0.0
2026Q1,0.95,Threatened to contact someone or share information improperly,290,2,0.006896551724137931,0.0
2026Q1,0.95,Took or threatened to take negative or legal action,1767,36,0.02037351443123939,0.08333333333333333
2026Q1,0.95,Written notification about debt,3346,45,0.013448894202032277,0.6222222222222222
2026Q2,0.5,Attempts to collect debt not owed,8574,7201,0.8398647072544904,0.9029301485904735
2026Q2,0.5,Communication tactics,862,504,0.5846867749419954,0.6448412698412699
2026Q2,0.5,Electronic communications,376,167,0.4441489361702128,0.17964071856287425
2026Q2,0.5,False statements or representation,2498,1476,0.5908726981585268,0.14634146341463414
2026Q2,0.5,Threatened to contact someone or share information improperly,229,97,0.42358078602620086,0.2268041237113402
2026Q2,0.5,Took or threatened to take negative or legal action,1742,1171,0.6722158438576349,0.11443210930828351
2026Q2,0.5,Written notification about debt,3182,1623,0.5100565681961031,0.48860135551447936
2026Q2,0.6,Attempts to collect debt not owed,8574,5837,0.6807790996034523,0.9523727942436183
2026Q2,0.6,Communication tactics,862,385,0.4466357308584687,0.7220779220779221
2026Q2,0.6,Electronic communications,376,101,0.26861702127659576,0.13861386138613863
2026Q2,0.6,False statements or representation,2498,886,0.3546837469975981,0.14446952595936793
2026Q2,0.6,Threatened to contact someone or share information improperly,229,59,0.2576419213973799,0.22033898305084745
2026Q2,0.6,Took or threatened to take negative or legal action,1742,815,0.46785304247990817,0.10797546012269939
2026Q2,0.6,Written notification about debt,3182,1043,0.32778126964173476,0.5695110258868649
2026Q2,0.7,Attempts to collect debt not owed,8574,4015,0.4682761838115232,0.9738480697384807
2026Q2,0.7,Communication tactics,862,291,0.3375870069605568,0.7903780068728522
2026Q2,0.7,Electronic communications,376,64,0.1702127659574468,0.125
2026Q2,0.7,False statements or representation,2498,432,0.17293835068054444,0.14583333333333334
2026Q2,0.7,Threatened to contact someone or share information improperly,229,36,0.1572052401746725,0.19444444444444445
2026Q2,0.7,Took or threatened to take negative or legal action,1742,611,0.35074626865671643,0.09656301145662848
2026Q2,0.7,Written notification about debt,3182,698,0.21935889377749843,0.6375358166189111
2026Q2,0.8,Attempts to collect debt not owed,8574,2139,0.24947515745276416,0.9827021972884525
2026Q2,0.8,Communication tactics,862,192,0.22273781902552203,0.8697916666666666
2026Q2,0.8,Electronic communications,376,34,0.09042553191489362,0.20588235294117646
2026Q2,0.8,False statements or representation,2498,178,0.07125700560448359,0.16292134831460675
2026Q2,0.8,Threatened to contact someone or share information improperly,229,14,0.0611353711790393,0.21428571428571427
2026Q2,0.8,Took or threatened to take negative or legal action,1742,206,0.1182548794489093,0.17475728155339806
2026Q2,0.8,Written notification about debt,3182,383,0.12036455059710874,0.7049608355091384
2026Q2,0.9,Attempts to collect debt not owed,8574,1028,0.1198973641240961,0.9931906614785992
2026Q2,0.9,Communication tactics,862,110,0.12761020881670534,0.9181818181818182
2026Q2,0.9,Electronic communications,376,10,0.026595744680851064,0.0
2026Q2,0.9,False statements or representation,2498,46,0.018414731785428344,0.08695652173913043
2026Q2,0.9,Threatened to contact someone or share information improperly,229,3,0.013100436681222707,0.0
2026Q2,0.9,Took or threatened to take negative or legal action,1742,69,0.03960964408725603,0.11594202898550725
2026Q2,0.9,Written notification about debt,3182,226,0.071024512884978,0.8185840707964602
2026Q2,0.95,Attempts to collect debt not owed,8574,540,0.06298110566829951,0.9944444444444445
2026Q2,0.95,Communication tactics,862,60,0.06960556844547564,0.9666666666666667
2026Q2,0.95,Electronic communications,376,4,0.010638297872340425,0.0
2026Q2,0.95,False statements or representation,2498,19,0.007606084867894315,0.0
2026Q2,0.95,Threatened to contact someone or share information improperly,229,0,0.0,
2026Q2,0.95,Took or threatened to take negative or legal action,1742,27,0.015499425947187142,0.14814814814814814
2026Q2,0.95,Written notification about debt,3182,36,0.011313639220615965,0.5833333333333334
