model,period,subset,threshold,accepted,coverage,accepted_accuracy,risk
normal,validation,operational,0.5,13639,0.7929190163362595,0.762885842070533,0.237114157929467
normal,validation,operational,0.6,11382,0.6617057147840242,0.8198031980319803,0.18019680196801968
normal,validation,operational,0.7,9272,0.5390384279983722,0.8768334771354616,0.12316652286453844
normal,validation,operational,0.8,6909,0.4016626940294169,0.9206831668837748,0.07931683311622517
normal,validation,operational,0.9,5187,0.3015522353351549,0.9651050703682282,0.034894929631771765
normal,validation,operational,0.95,1260,0.0732515551421429,0.9476190476190476,0.05238095238095242
normal,validation,unique_family,0.5,7828,0.7091864468200761,0.6582779764946346,0.3417220235053654
normal,validation,unique_family,0.6,5940,0.5381409675665881,0.7085858585858585,0.29141414141414146
normal,validation,unique_family,0.7,4258,0.38575828954520747,0.7616251761390324,0.23837482386096764
normal,validation,unique_family,0.8,2787,0.25249139336836385,0.8263365626121277,0.17366343738787227
normal,validation,unique_family,0.9,1373,0.12438847617321978,0.8827385287691187,0.11726147123088126
normal,validation,unique_family,0.95,635,0.05752853777858308,0.9149606299212598,0.08503937007874018
keyword_mask_refit,validation,operational,0.5,13615,0.7915237486192663,0.76320235034888,0.23679764965112005
keyword_mask_refit,validation,operational,0.6,11417,0.6637404802046393,0.8179907155995445,0.1820092844004555
keyword_mask_refit,validation,operational,0.7,9305,0.5409569211092379,0.876410531972058,0.12358946802794202
keyword_mask_refit,validation,operational,0.8,6921,0.4023603278879135,0.9206762028608583,0.07932379713914173
keyword_mask_refit,validation,operational,0.9,5206,0.3026568222777746,0.9642719938532462,0.035728006146753755
keyword_mask_refit,validation,operational,0.95,1270,0.07383291669089007,0.9488188976377953,0.051181102362204745
keyword_mask_frozen,validation,operational,0.5,13632,0.7925120632521365,0.7621038732394366,0.23789612676056338
keyword_mask_frozen,validation,operational,0.6,11376,0.6613568978547759,0.8194444444444444,0.18055555555555558
keyword_mask_frozen,validation,operational,0.7,9264,0.5385733387593744,0.8768350604490501,0.12316493955094987
keyword_mask_frozen,validation,operational,0.8,6887,0.40038369862217316,0.9210105996805575,0.07898940031944246
keyword_mask_frozen,validation,operational,0.9,5174,0.3007964653217836,0.9650173946656359,0.03498260533436415
keyword_mask_frozen,validation,operational,0.95,1256,0.07301901052264403,0.9482484076433121,0.051751592356687914
majority_prior,validation,operational,0.5,0,0.0,,
majority_prior,validation,operational,0.6,0,0.0,,
majority_prior,validation,operational,0.7,0,0.0,,
majority_prior,validation,operational,0.8,0,0.0,,
majority_prior,validation,operational,0.9,0,0.0,,
majority_prior,validation,operational,0.95,0,0.0,,
normal,2024Q4,operational,0.5,13831,0.7526255645644011,0.643698937170125,0.35630106282987495
normal,2024Q4,operational,0.6,10780,0.5866028187408173,0.7189239332096475,0.28107606679035246
normal,2024Q4,operational,0.7,8399,0.45703868966643085,0.7877128229551137,0.2122871770448863
normal,2024Q4,operational,0.8,5898,0.32094465908472547,0.8346897253306206,0.16531027466937942
normal,2024Q4,operational,0.9,3691,0.20084888719595145,0.9431048496342455,0.05689515036575454
normal,2024Q4,operational,0.95,2043,0.11117157316210481,0.9637787567302986,0.03622124326970144
normal,2024Q4,novel_family,0.5,8559,0.6948932369895267,0.5924757565136114,0.4075242434863886
normal,2024Q4,novel_family,0.6,6334,0.5142485994966307,0.646984527944427,0.35301547205557304
normal,2024Q4,novel_family,0.7,4398,0.35706746772753106,0.7085038653933606,0.29149613460663937
normal,2024Q4,novel_family,0.8,2761,0.22416172769343184,0.7768924302788844,0.22310756972111556
normal,2024Q4,novel_family,0.9,1260,0.1022976374117074,0.8555555555555555,0.1444444444444445
normal,2024Q4,novel_family,0.95,643,0.052204270520418934,0.895800933125972,0.10419906687402802
normal,2024Q4,unique_family,0.5,8684,0.6960564283424174,0.5926992169507139,0.4073007830492861
normal,2024Q4,unique_family,0.6,6434,0.5157101635139468,0.6470313957102891,0.3529686042897109
normal,2024Q4,unique_family,0.7,4472,0.3584482205835204,0.7084078711985689,0.29159212880143115
normal,2024Q4,unique_family,0.8,2816,0.22571336966976596,0.77734375,0.22265625
normal,2024Q4,unique_family,0.9,1285,0.10299775569092658,0.8568093385214007,0.14319066147859927
normal,2024Q4,unique_family,0.95,654,0.052420647643475475,0.8975535168195719,0.10244648318042815
keyword_mask_refit,2024Q4,operational,0.5,13820,0.7520269902595635,0.6441389290882779,0.35586107091172214
keyword_mask_refit,2024Q4,operational,0.6,10846,0.5901942645698427,0.7161165406601512,0.2838834593398488
keyword_mask_refit,2024Q4,operational,0.7,8458,0.460249224574196,0.7861196500354694,0.21388034996453065
keyword_mask_refit,2024Q4,operational,0.8,5933,0.3228492136910268,0.8333052418675206,0.16669475813247936
keyword_mask_refit,2024Q4,operational,0.9,3708,0.201773956576155,0.941747572815534,0.058252427184465994
keyword_mask_refit,2024Q4,operational,0.95,2048,0.11144365239157643,0.962890625,0.037109375
keyword_mask_frozen,2024Q4,operational,0.5,13830,0.7525711487185068,0.6433839479392625,0.35661605206073754
keyword_mask_frozen,2024Q4,operational,0.6,10780,0.5866028187408173,0.7192022263450835,0.28079777365491654
keyword_mask_frozen,2024Q4,operational,0.7,8400,0.4570931055123252,0.7877380952380952,0.21226190476190476
keyword_mask_frozen,2024Q4,operational,0.8,5893,0.3206725798552538,0.8350585440352961,0.1649414559647039
keyword_mask_frozen,2024Q4,operational,0.9,3685,0.2005223921205855,0.9430122116689281,0.056987788331071876
keyword_mask_frozen,2024Q4,operational,0.95,2042,0.11111715731621048,0.9637610186092067,0.03623898139079329
majority_prior,2024Q4,operational,0.5,0,0.0,,
majority_prior,2024Q4,operational,0.6,0,0.0,,
majority_prior,2024Q4,operational,0.7,0,0.0,,
majority_prior,2024Q4,operational,0.8,0,0.0,,
majority_prior,2024Q4,operational,0.9,0,0.0,,
majority_prior,2024Q4,operational,0.95,0,0.0,,
normal,2025Q1,operational,0.5,16917,0.7368352280151574,0.6307856002837382,0.3692143997162618
normal,2025Q1,operational,0.6,13143,0.5724552463086371,0.6907098835882218,0.30929011641177817
normal,2025Q1,operational,0.7,10113,0.44048085718019075,0.7435973499456145,0.25640265005438545
normal,2025Q1,operational,0.8,6766,0.2946992464828608,0.7686964232929353,0.2313035767070647
normal,2025Q1,operational,0.9,3497,0.15231499629774817,0.9202173291392622,0.07978267086073776
normal,2025Q1,operational,0.95,917,0.03994076397055621,0.8844056706652127,0.1155943293347873
normal,2025Q1,novel_family,0.5,11672,0.6840532145578152,0.6024674434544208,0.3975325565455792
normal,2025Q1,novel_family,0.6,8598,0.5038973216902068,0.6558501977204001,0.3441498022795999
normal,2025Q1,novel_family,0.7,6022,0.35292738674324564,0.7163732979076719,0.2836267020923281
normal,2025Q1,novel_family,0.8,3726,0.21836722733399755,0.785829307568438,0.21417069243156195
normal,2025Q1,novel_family,0.9,1665,0.0975795581081873,0.8564564564564564,0.1435435435435436
normal,2025Q1,novel_family,0.95,784,0.045947371505596905,0.8852040816326531,0.11479591836734693
normal,2025Q1,unique_family,0.5,11761,0.6848940135103657,0.6030949749170988,0.39690502508290115
normal,2025Q1,unique_family,0.6,8664,0.5045422781271838,0.6569713758079408,0.34302862419205915
normal,2025Q1,unique_family,0.7,6074,0.3537153505706965,0.71764899571946,0.28235100428054005
normal,2025Q1,unique_family,0.8,3766,0.21931050547402747,0.786510886882634,0.21348911311736596
normal,2025Q1,unique_family,0.9,1679,0.09777544840437923,0.8570577724836212,0.14294222751637875
normal,2025Q1,unique_family,0.95,789,0.04594689028651293,0.8846641318124208,0.11533586818757924
keyword_mask_refit,2025Q1,operational,0.5,16930,0.7374014547671937,0.6305375073833431,0.36946249261665687
keyword_mask_refit,2025Q1,operational,0.6,13200,0.5749379328367961,0.6884848484848485,0.3115151515151515
keyword_mask_refit,2025Q1,operational,0.7,10191,0.4438782176924082,0.7429104111470906,0.25708958885290945
keyword_mask_refit,2025Q1,operational,0.8,6826,0.297312600723028,0.7676530911221799,0.23234690887782006
keyword_mask_refit,2025Q1,operational,0.9,3525,0.1535345616098262,0.92,0.07999999999999996
keyword_mask_refit,2025Q1,operational,0.95,938,0.04085543795461475,0.8859275053304904,0.11407249466950964
keyword_mask_frozen,2025Q1,operational,0.5,16916,0.7367916721111547,0.6307637739418303,0.36923622605816975
keyword_mask_frozen,2025Q1,operational,0.6,13139,0.572281022692626,0.6906157241799223,0.30938427582007766
keyword_mask_frozen,2025Q1,operational,0.7,10104,0.4400888540441657,0.7435669041963578,0.25643309580364215
keyword_mask_frozen,2025Q1,operational,0.8,6759,0.29439435515484125,0.7687527740790058,0.23124722592099423
keyword_mask_frozen,2025Q1,operational,0.9,3495,0.1522278844897426,0.9204577968526466,0.07954220314735339
keyword_mask_frozen,2025Q1,operational,0.95,917,0.03994076397055621,0.8844056706652127,0.1155943293347873
majority_prior,2025Q1,operational,0.5,0,0.0,,
majority_prior,2025Q1,operational,0.6,0,0.0,,
majority_prior,2025Q1,operational,0.7,0,0.0,,
majority_prior,2025Q1,operational,0.8,0,0.0,,
majority_prior,2025Q1,operational,0.9,0,0.0,,
majority_prior,2025Q1,operational,0.95,0,0.0,,
normal,2025Q2,operational,0.5,18688,0.6960667461263409,0.6682898116438356,0.3317101883561644
normal,2025Q2,operational,0.6,15280,0.569129916567342,0.7221204188481676,0.2778795811518324
normal,2025Q2,operational,0.7,12218,0.45508045292014304,0.7691929939433623,0.23080700605663773
normal,2025Q2,operational,0.8,8650,0.32218414779499405,0.793179190751445,0.20682080924855495
normal,2025Q2,operational,0.9,4788,0.1783373063170441,0.933375104427736,0.06662489557226403
normal,2025Q2,operational,0.95,1069,0.03981674612634088,0.8914873713751169,0.10851262862488309
normal,2025Q2,novel_family,0.5,11741,0.6892685217799694,0.6267779575845328,0.3732220424154672
normal,2025Q2,novel_family,0.6,8819,0.5177292473875778,0.6856786483728314,0.31432135162716857
normal,2025Q2,novel_family,0.7,6242,0.3664435834213925,0.7484780519064402,0.25152194809355977
normal,2025Q2,novel_family,0.8,3943,0.23147822003052718,0.8113111843773776,0.1886888156226224
normal,2025Q2,novel_family,0.9,1769,0.10385112128683809,0.8660260033917467,0.13397399660825327
normal,2025Q2,novel_family,0.95,768,0.04508629799225079,0.8958333333333334,0.10416666666666663
normal,2025Q2,unique_family,0.5,11804,0.6897680126219833,0.6274144357844799,0.37258556421552014
normal,2025Q2,unique_family,0.6,8869,0.5182609711914918,0.6865486526102154,0.31345134738978464
normal,2025Q2,unique_family,0.7,6285,0.36726465260328406,0.7494033412887828,0.25059665871121717
normal,2025Q2,unique_family,0.8,3977,0.23239642377140185,0.8119185315564496,0.18808146844355045
normal,2025Q2,unique_family,0.9,1785,0.10430666744580144,0.8672268907563025,0.13277310924369745
normal,2025Q2,unique_family,0.95,776,0.045345643662712556,0.8969072164948454,0.1030927835051546
keyword_mask_refit,2025Q2,operational,0.5,18669,0.6953590584028605,0.6685949970539397,0.33140500294606035
keyword_mask_refit,2025Q2,operational,0.6,15288,0.5694278903456496,0.7207613814756672,0.27923861852433285
keyword_mask_refit,2025Q2,operational,0.7,12253,0.4563840882002384,0.7691177670774504,0.2308822329225496
keyword_mask_refit,2025Q2,operational,0.8,8691,0.32371126340882,0.793579565067311,0.20642043493268902
keyword_mask_refit,2025Q2,operational,0.9,4844,0.18042312276519668,0.9322873658133773,0.06771263418662266
keyword_mask_refit,2025Q2,operational,0.95,1093,0.04071066746126341,0.8920402561756633,0.1079597438243367
keyword_mask_frozen,2025Q2,operational,0.5,18682,0.6958432657926102,0.6680762231024515,0.3319237768975485
keyword_mask_frozen,2025Q2,operational,0.6,15274,0.5689064362336115,0.7219457902317664,0.2780542097682336
keyword_mask_frozen,2025Q2,operational,0.7,12214,0.4549314660309893,0.7689536597347306,0.23104634026526938
keyword_mask_frozen,2025Q2,operational,0.8,8644,0.3219606674612634,0.793035631652013,0.20696436834798704
keyword_mask_frozen,2025Q2,operational,0.9,4785,0.1782255661501788,0.9335423197492163,0.06645768025078369
keyword_mask_frozen,2025Q2,operational,0.95,1067,0.039742252681764005,0.8912839737582006,0.10871602624179943
majority_prior,2025Q2,operational,0.5,0,0.0,,
majority_prior,2025Q2,operational,0.6,0,0.0,,
majority_prior,2025Q2,operational,0.7,0,0.0,,
majority_prior,2025Q2,operational,0.8,0,0.0,,
majority_prior,2025Q2,operational,0.9,0,0.0,,
majority_prior,2025Q2,operational,0.95,0,0.0,,
normal,2025Q3,operational,0.5,20867,0.6932097535047506,0.6199741218191402,0.38002587818085976
normal,2025Q3,operational,0.6,16615,0.551956680619228,0.6668071020162504,0.3331928979837496
normal,2025Q3,operational,0.7,12715,0.42239718291143447,0.7074321667322061,0.2925678332677939
normal,2025Q3,operational,0.8,7701,0.2558301773968507,0.7621088170367485,0.2378911829632515
normal,2025Q3,operational,0.9,4693,0.15590326224171153,0.7432346047304496,0.25676539526955044
normal,2025Q3,operational,0.95,1140,0.03787123779150887,0.8903508771929824,0.10964912280701755
normal,2025Q3,novel_family,0.5,13695,0.6859847725906631,0.6303760496531581,0.3696239503468419
normal,2025Q3,novel_family,0.6,10101,0.5059607293127629,0.6941886941886942,0.3058113058113058
normal,2025Q3,novel_family,0.7,7101,0.3556902424363855,0.7527108857907338,0.24728911420926625
normal,2025Q3,novel_family,0.8,4313,0.21603886996593868,0.8154416879202411,0.18455831207975892
normal,2025Q3,novel_family,0.9,1980,0.09917852133840914,0.8606060606060606,0.1393939393939394
normal,2025Q3,novel_family,0.95,928,0.04648367060709277,0.8943965517241379,0.1056034482758621
normal,2025Q3,unique_family,0.5,13740,0.6862451303566077,0.6302037845705968,0.3697962154294032
normal,2025Q3,unique_family,0.6,10135,0.5061931874937569,0.6942279230389738,0.30577207696102615
normal,2025Q3,unique_family,0.7,7127,0.3559584457097193,0.7529114634488565,0.2470885365511435
normal,2025Q3,unique_family,0.8,4331,0.21631205673758866,0.8157469406603556,0.18425305933964442
normal,2025Q3,unique_family,0.9,1989,0.09934072520227749,0.8607340372046255,0.1392659627953745
normal,2025Q3,unique_family,0.95,934,0.046648686444910596,0.8940042826552462,0.10599571734475377
keyword_mask_refit,2025Q3,operational,0.5,20864,0.6931100923526676,0.6197756901840491,0.3802243098159509
keyword_mask_refit,2025Q3,operational,0.6,16662,0.553518038668527,0.6658264314007922,0.33417356859920777
keyword_mask_refit,2025Q3,operational,0.7,12768,0.42415786326489935,0.7066885964912281,0.29331140350877194
keyword_mask_refit,2025Q3,operational,0.8,7761,0.25782340043850904,0.7614998067259374,0.23850019327406258
keyword_mask_refit,2025Q3,operational,0.9,4715,0.15663411069031957,0.7433722163308589,0.2566277836691411
keyword_mask_refit,2025Q3,operational,0.95,1145,0.038037339711647064,0.8925764192139738,0.10742358078602621
keyword_mask_frozen,2025Q3,operational,0.5,20865,0.6931433127366953,0.6195063503474718,0.3804936496525282
keyword_mask_frozen,2025Q3,operational,0.6,16615,0.551956680619228,0.6669274751730364,0.3330725248269636
keyword_mask_frozen,2025Q3,operational,0.7,12708,0.42216464022324096,0.7071923197985521,0.2928076802014479
keyword_mask_frozen,2025Q3,operational,0.8,7698,0.2557305162447678,0.7617563003377501,0.2382436996622499
keyword_mask_frozen,2025Q3,operational,0.9,4684,0.15560427878546276,0.7429547395388557,0.2570452604611443
keyword_mask_frozen,2025Q3,operational,0.95,1136,0.037738356255398314,0.8908450704225352,0.10915492957746475
majority_prior,2025Q3,operational,0.5,0,0.0,,
majority_prior,2025Q3,operational,0.6,0,0.0,,
majority_prior,2025Q3,operational,0.7,0,0.0,,
majority_prior,2025Q3,operational,0.8,0,0.0,,
majority_prior,2025Q3,operational,0.9,0,0.0,,
majority_prior,2025Q3,operational,0.95,0,0.0,,
normal,2025Q4,operational,0.5,13267,0.6409178743961352,0.584231551971056,0.41576844802894397
normal,2025Q4,operational,0.6,9685,0.4678743961352657,0.6648425400103253,0.3351574599896747
normal,2025Q4,operational,0.7,6982,0.3372946859903382,0.731165855055858,0.26883414494414204
normal,2025Q4,operational,0.8,3447,0.16652173913043478,0.7774876704380621,0.2225123295619379
normal,2025Q4,operational,0.9,1578,0.07623188405797102,0.8238276299112801,0.1761723700887199
normal,2025Q4,operational,0.95,716,0.034589371980676326,0.8784916201117319,0.12150837988826813
normal,2025Q4,novel_family,0.5,9922,0.6543128462147191,0.5906067325136062,0.4093932674863938
normal,2025Q4,novel_family,0.6,7229,0.4767211817462411,0.6487757642827501,0.3512242357172499
normal,2025Q4,novel_family,0.7,4919,0.32438670535478764,0.7233177475096564,0.2766822524903436
normal,2025Q4,novel_family,0.8,2883,0.19012134001582695,0.7866805411030177,0.21331945889698234
normal,2025Q4,novel_family,0.9,1373,0.0905433922447903,0.8579752367079388,0.14202476329206115
normal,2025Q4,novel_family,0.95,642,0.04233711421788446,0.8894080996884736,0.11059190031152644
normal,2025Q4,unique_family,0.5,9951,0.6547141259293374,0.5905939101597829,0.4094060898402171
normal,2025Q4,unique_family,0.6,7249,0.4769392723205474,0.6487791419506139,0.3512208580493861
normal,2025Q4,unique_family,0.7,4938,0.3248897953812751,0.723167274200081,0.276832725799919
normal,2025Q4,unique_family,0.8,2899,0.19073623264688466,0.7864780958951363,0.2135219041048637
normal,2025Q4,unique_family,0.9,1379,0.09072965326666228,0.8564176939811458,0.14358230601885424
normal,2025Q4,unique_family,0.95,645,0.04243700243437068,0.8868217054263566,0.11317829457364337
keyword_mask_refit,2025Q4,operational,0.5,13239,0.6395652173913043,0.584711836241408,0.415288163758592
keyword_mask_refit,2025Q4,operational,0.6,9699,0.46855072463768116,0.6648108052376533,0.33518919476234665
keyword_mask_refit,2025Q4,operational,0.7,7014,0.3388405797101449,0.7301112061591104,0.2698887938408896
keyword_mask_refit,2025Q4,operational,0.8,3524,0.17024154589371981,0.7786606129398411,0.22133938706015888
keyword_mask_refit,2025Q4,operational,0.9,1587,0.07666666666666666,0.8235664776307499,0.17643352236925014
keyword_mask_refit,2025Q4,operational,0.95,725,0.035024154589371984,0.8758620689655172,0.12413793103448278
keyword_mask_frozen,2025Q4,operational,0.5,13265,0.6408212560386474,0.5843196381454957,0.4156803618545043
keyword_mask_frozen,2025Q4,operational,0.6,9677,0.46748792270531403,0.6648754779373773,0.33512452206262267
keyword_mask_frozen,2025Q4,operational,0.7,6976,0.3370048309178744,0.7307912844036697,0.2692087155963303
keyword_mask_frozen,2025Q4,operational,0.8,3439,0.1661352657004831,0.777842396045362,0.22215760395463802
keyword_mask_frozen,2025Q4,operational,0.9,1576,0.0761352657004831,0.8229695431472082,0.17703045685279184
keyword_mask_frozen,2025Q4,operational,0.95,717,0.03463768115942029,0.8786610878661087,0.12133891213389125
majority_prior,2025Q4,operational,0.5,0,0.0,,
majority_prior,2025Q4,operational,0.6,0,0.0,,
majority_prior,2025Q4,operational,0.7,0,0.0,,
majority_prior,2025Q4,operational,0.8,0,0.0,,
majority_prior,2025Q4,operational,0.9,0,0.0,,
majority_prior,2025Q4,operational,0.95,0,0.0,,
normal,2026Q1,operational,0.5,14140,0.7064701473894579,0.5825318246110325,0.4174681753889675
normal,2026Q1,operational,0.6,10684,0.5337996502623032,0.6577124672407338,0.34228753275926616
normal,2026Q1,operational,0.7,7044,0.351936047964027,0.8069278818852924,0.1930721181147076
normal,2026Q1,operational,0.8,3318,0.1657756682488134,0.7905364677516576,0.20946353224834235
normal,2026Q1,operational,0.9,1452,0.07254559080689484,0.8050964187327824,0.19490358126721763
normal,2026Q1,operational,0.95,652,0.03257556832375718,0.8634969325153374,0.13650306748466257
normal,2026Q1,novel_family,0.5,9122,0.6793267798629729,0.6185047138785355,0.38149528612146455
normal,2026Q1,novel_family,0.6,6639,0.4944146559428061,0.6859466787166743,0.31405332128332575
normal,2026Q1,novel_family,0.7,4627,0.3445784927018171,0.7505943375837476,0.2494056624162524
normal,2026Q1,novel_family,0.8,2693,0.2005510872803098,0.786112142591905,0.21388785740809502
normal,2026Q1,novel_family,0.9,1264,0.09413166517724159,0.8425632911392406,0.15743670886075944
normal,2026Q1,novel_family,0.95,607,0.04520405123622282,0.8583196046128501,0.14168039538714994
normal,2026Q1,unique_family,0.5,9143,0.6796758846268213,0.6185059608443618,0.3814940391556382
normal,2026Q1,unique_family,0.6,6650,0.4943502824858757,0.6863157894736842,0.3136842105263158
normal,2026Q1,unique_family,0.7,4635,0.34455842997323816,0.7508090614886731,0.2491909385113269
normal,2026Q1,unique_family,0.8,2700,0.20071364852809992,0.7862962962962963,0.21370370370370373
normal,2026Q1,unique_family,0.9,1265,0.094038061254832,0.8426877470355731,0.15731225296442686
normal,2026Q1,unique_family,0.95,608,0.04519774011299435,0.8585526315789473,0.14144736842105265
keyword_mask_refit,2026Q1,operational,0.5,14182,0.7085685735698226,0.5791848822450995,0.42081511775490055
keyword_mask_refit,2026Q1,operational,0.6,10741,0.5366475143642269,0.6519877106414673,0.3480122893585327
keyword_mask_refit,2026Q1,operational,0.7,7093,0.3543842118411192,0.8061469053996898,0.1938530946003102
keyword_mask_refit,2026Q1,operational,0.8,3426,0.17117162128403698,0.7962638645650905,0.20373613543490954
keyword_mask_refit,2026Q1,operational,0.9,1459,0.07289532850362228,0.8046607265250172,0.1953392734749828
keyword_mask_refit,2026Q1,operational,0.95,656,0.03277541843617287,0.864329268292683,0.13567073170731703
keyword_mask_frozen,2026Q1,operational,0.5,14145,0.7067199600299775,0.5819017320607989,0.41809826793920113
keyword_mask_frozen,2026Q1,operational,0.6,10678,0.5334998750936797,0.6573328338640195,0.34266716613598047
keyword_mask_frozen,2026Q1,operational,0.7,7044,0.351936047964027,0.8070698466780238,0.19293015332197616
keyword_mask_frozen,2026Q1,operational,0.8,3315,0.16562578066450162,0.7903469079939668,0.20965309200603321
keyword_mask_frozen,2026Q1,operational,0.9,1450,0.07244566575068699,0.8048275862068965,0.19517241379310346
keyword_mask_frozen,2026Q1,operational,0.95,650,0.032475643267549335,0.8630769230769231,0.13692307692307693
majority_prior,2026Q1,operational,0.5,0,0.0,,
majority_prior,2026Q1,operational,0.6,0,0.0,,
majority_prior,2026Q1,operational,0.7,0,0.0,,
majority_prior,2026Q1,operational,0.8,0,0.0,,
majority_prior,2026Q1,operational,0.9,0,0.0,,
majority_prior,2026Q1,operational,0.95,0,0.0,,
normal,2026Q2,operational,0.5,12239,0.7008532325488175,0.6554457063485579,0.3445542936514421
normal,2026Q2,operational,0.6,9126,0.522590620168356,0.7313171159325006,0.2686828840674994
normal,2026Q2,operational,0.7,6147,0.35200137433430684,0.7681795998047828,0.2318204001952172
normal,2026Q2,operational,0.8,3146,0.18015232205233922,0.8308963763509218,0.16910362364907816
normal,2026Q2,operational,0.9,1492,0.08543778274065167,0.8840482573726541,0.11595174262734587
normal,2026Q2,operational,0.95,686,0.039283055603275496,0.9037900874635568,0.09620991253644318
normal,2026Q2,novel_family,0.5,8363,0.6722128446266378,0.6193949539638886,0.38060504603611145
normal,2026Q2,novel_family,0.6,6026,0.48436620850413953,0.6875207434450713,0.3124792565549287
normal,2026Q2,novel_family,0.7,4144,0.3330921951611607,0.7601351351351351,0.2398648648648649
normal,2026Q2,novel_family,0.8,2484,0.19966240655895828,0.822463768115942,0.17753623188405798
normal,2026Q2,novel_family,0.9,1210,0.09725906277630415,0.8809917355371901,0.11900826446280988
normal,2026Q2,novel_family,0.95,610,0.04903142834177317,0.9016393442622951,0.09836065573770492
normal,2026Q2,unique_family,0.5,8387,0.6725202469729773,0.6194109932037677,0.3805890067962323
normal,2026Q2,unique_family,0.6,6040,0.48432363082351054,0.6875827814569536,0.3124172185430464
normal,2026Q2,unique_family,0.7,4156,0.33325314730174005,0.7603464870067372,0.23965351299326276
normal,2026Q2,unique_family,0.8,2496,0.20014433485686794,0.8225160256410257,0.17748397435897434
normal,2026Q2,unique_family,0.9,1213,0.09726565632266859,0.8812860676009893,0.11871393239901074
normal,2026Q2,unique_family,0.95,611,0.04899366530350413,0.9018003273322422,0.09819967266775775
keyword_mask_refit,2026Q2,operational,0.5,12134,0.6948405199564794,0.6518872589418164,0.3481127410581836
keyword_mask_refit,2026Q2,operational,0.6,9015,0.5162343239993128,0.7273433166943982,0.2726566833056018
keyword_mask_refit,2026Q2,operational,0.7,6180,0.3538910840061845,0.7681229773462783,0.23187702265372168
keyword_mask_refit,2026Q2,operational,0.8,3218,0.18427532497279964,0.8343691733996271,0.16563082660037287
keyword_mask_refit,2026Q2,operational,0.9,1500,0.08589589417625837,0.88,0.12
keyword_mask_refit,2026Q2,operational,0.95,691,0.03956937525052969,0.9015918958031838,0.09840810419681623
keyword_mask_frozen,2026Q2,operational,0.5,12244,0.7011395521960717,0.6546063377981052,0.3453936622018948
keyword_mask_frozen,2026Q2,operational,0.6,9128,0.5227051480272576,0.7309377738825592,0.2690622261174408
keyword_mask_frozen,2026Q2,operational,0.7,6138,0.35148599896924926,0.7680026067122842,0.23199739328771585
keyword_mask_frozen,2026Q2,operational,0.8,3146,0.18015232205233922,0.8305785123966942,0.16942148760330578
keyword_mask_frozen,2026Q2,operational,0.9,1491,0.08538051881120083,0.8839704896042925,0.11602951039570752
keyword_mask_frozen,2026Q2,operational,0.95,686,0.039283055603275496,0.9037900874635568,0.09620991253644318
majority_prior,2026Q2,operational,0.5,0,0.0,,
majority_prior,2026Q2,operational,0.6,0,0.0,,
majority_prior,2026Q2,operational,0.7,0,0.0,,
majority_prior,2026Q2,operational,0.8,0,0.0,,
majority_prior,2026Q2,operational,0.9,0,0.0,,
majority_prior,2026Q2,operational,0.95,0,0.0,,
