period,all_narratives,included_narratives,excluded_fraction,families,novel_families,historical_family_fraction,largest_family,exact_cross_domain_rows
train,31266,31139,0.004061920296808075,24799,0,1.0,776,353
validation,8007,7972,0.004371175221681067,7520,0,1.0,197,29
2024Q4,8295,8261,0.004098854731766077,7809,7790,0.01985231812129282,130,29
2025Q1,9929,9881,0.004834323698257648,9131,9120,0.013561380427082279,114,22
2025Q2,9747,9709,0.003898635477582846,9422,9406,0.013183644041610876,93,13
2025Q3,11623,11570,0.004559924288049522,10349,10327,0.011668107173725151,497,11
2025Q4,10217,10181,0.0035235391993735377,9614,9604,0.007955996464001571,58,14
2026Q1,9133,9090,0.004708201029234638,8993,8987,0.00473047304730473,32,7
2026Q2,9480,9437,0.004535864978902904,9259,9252,0.006569884497191905,45,8
2026-07,1822,1815,0.0038419319429198184,1797,1793,0.006060606060606061,7,0
