family,n,labels,periods
cc:100017,2,2,1
cc:100029,2,1,1
cc:100038,3,1,1
cc:100135,4,1,1
cc:100164,3,1,1
cc:10032,11,1,1
cc:100386,3,1,1
cc:100455,3,1,1
cc:100547,2,1,1
cc:10067,2,1,1
cc:100753,3,1,1
cc:100874,2,1,1
cc:100877,3,1,1
cc:10094,3,1,1
cc:100992,2,1,1
cc:101052,3,1,1
cc:101054,3,1,1
cc:101330,3,1,1
cc:101406,2,1,1
cc:101487,4,1,1
cc:101640,2,2,1
cc:101670,8,1,1
cc:101680,6,1,1
cc:101971,2,1,1
cc:102096,4,1,1
cc:102398,2,1,1
cc:10261,2,1,1
cc:10289,2,1,1
cc:102971,3,1,1
cc:103080,2,1,1
cc:103084,2,1,1
cc:103304,10,1,1
cc:103307,2,1,1
cc:103349,3,1,1
cc:103515,2,1,1
cc:103528,6,1,1
cc:103656,5,1,1
cc:103657,3,1,1
cc:104015,3,1,1
cc:104173,2,1,1
cc:104376,2,1,1
cc:104449,3,1,1
cc:104475,2,1,1
cc:104507,2,1,1
cc:104874,2,1,1
cc:104921,2,1,1
cc:10495,2,1,1
cc:105295,3,1,1
cc:105682,2,1,1
cc:105785,2,1,1
cc:105850,2,2,1
cc:105908,2,1,1
cc:10615,2,1,1
cc:106434,6,1,1
cc:106893,2,1,1
cc:107,4,1,1
cc:10764,2,1,1
cc:10765,2,1,1
cc:10767,2,1,1
cc:10784,2,1,1
cc:107974,2,1,1
cc:108108,2,1,1
cc:108445,2,1,1
cc:10846,2,2,1
cc:108465,2,1,1
cc:108489,4,1,1
cc:10849,2,1,1
cc:108639,2,1,1
cc:108701,2,1,1
cc:108831,2,1,1
cc:108988,2,1,1
cc:1093,7,1,1
cc:1094,24,2,1
cc:11115,2,1,1
cc:11116,3,1,1
cc:11119,2,1,1
cc:11121,2,1,1
cc:11164,3,1,1
cc:11218,2,1,1
cc:11256,2,1,1
cc:11311,4,1,1
cc:11322,2,2,1
cc:11335,6,1,1
cc:1145,211,2,1
cc:1146,6,1,1
cc:11580,3,1,1
cc:11673,2,2,1
cc:11804,3,1,1
cc:11918,2,1,1
cc:11985,2,1,1
cc:12001,2,1,1
cc:1213,2,2,1
cc:12147,2,1,1
cc:12164,4,2,2
cc:12234,2,1,1
cc:12371,3,1,1
cc:12415,2,1,1
cc:12449,2,1,1
cc:12467,2,2,1
cc:1248,7,1,1
cc:12556,2,1,1
cc:12627,2,1,1
cc:12722,2,1,1
cc:12740,2,1,1
cc:12952,2,1,1
cc:130,11,1,1
cc:13027,2,1,1
cc:13028,2,1,1
cc:13247,2,2,2
cc:13263,2,1,1
cc:13288,2,1,1
cc:13289,2,1,1
cc:13328,2,1,1
cc:13470,2,1,1
cc:13516,2,1,1
cc:13598,2,1,1
cc:13642,2,2,1
cc:13686,2,2,1
cc:13715,2,1,1
cc:13741,2,1,1
cc:13743,3,1,1
cc:1378,22,1,1
cc:13818,2,1,1
cc:1387,3,1,1
cc:13898,3,1,1
cc:13908,6,1,1
cc:13994,2,1,1
cc:14003,6,1,1
cc:14108,6,1,1
cc:14115,3,1,1
cc:14188,3,1,1
cc:14189,16,1,1
cc:14230,3,1,1
cc:14254,6,1,1
cc:14303,3,1,1
cc:14309,3,1,1
cc:14320,3,1,1
cc:14323,4,1,1
cc:14347,3,1,1
cc:14357,2,1,1
cc:14382,2,1,1
cc:14420,2,1,1
cc:14474,3,1,1
cc:14477,3,1,1
cc:14516,2,1,1
cc:14528,2,1,1
cc:14563,2,1,1
cc:14668,2,1,1
cc:14699,2,1,1
cc:14713,5,1,1
cc:14731,2,1,1
cc:14733,3,1,1
cc:14764,2,1,1
cc:14786,3,1,1
cc:14791,3,1,1
cc:14832,2,1,1
cc:14845,2,1,1
cc:14858,73,1,1
cc:14865,19,1,1
cc:14878,2,1,1
cc:1491,8,1,1
cc:14920,2,1,1
cc:14930,2,1,1
cc:1494,3,1,1
cc:14940,3,1,1
cc:14951,2,1,1
cc:14952,2,1,1
cc:14958,15,1,1
cc:1504,8,1,1
cc:15099,2,1,1
cc:15148,2,1,1
cc:1516,6,1,1
cc:1541,12,2,1
cc:15430,2,1,1
cc:15511,3,1,1
cc:15515,37,2,1
cc:15532,3,1,1
cc:15534,3,1,1
cc:15539,24,1,1
cc:15540,14,1,1
cc:15569,2,1,1
cc:15613,6,1,1
cc:15654,3,1,1
cc:15765,8,1,1
cc:15813,2,1,1
cc:15826,9,1,1
cc:1587,9,1,1
cc:15876,18,1,1
cc:15890,2,1,1
cc:16,3,1,1
cc:16016,5,1,1
cc:16024,2,1,1
cc:1606,2,1,1
cc:16113,4,1,3
cc:16116,2,1,1
cc:16181,2,1,1
cc:16234,10,1,1
cc:16238,77,1,1
cc:16396,4,1,1
cc:16401,2,1,1
cc:16408,2,1,1
cc:16442,3,1,1
cc:16754,2,1,1
cc:16775,12,1,1
cc:16825,16,1,1
cc:16826,3,1,1
cc:16884,2,1,1
cc:16889,2,1,1
cc:16934,2,1,1
cc:16958,3,1,1
cc:17,37,1,1
cc:17108,2,1,1
cc:17117,3,1,1
cc:17123,6,1,1
cc:17125,3,1,1
cc:17139,2,1,1
cc:17231,3,1,1
cc:17233,18,1,1
cc:17236,5,1,1
cc:17247,7,1,1
cc:17299,23,1,1
cc:17331,2,1,1
cc:17347,2,1,1
cc:17473,3,1,1
cc:17483,4,2,1
cc:17491,20,2,1
cc:17618,17,1,1
cc:17640,6,1,1
cc:17723,2,2,1
cc:17766,2,1,1
cc:1785,2,1,1
cc:17856,2,1,1
cc:17956,3,1,1
cc:17964,2,1,1
cc:17969,2,1,1
cc:18000,3,1,1
cc:18020,5,1,1
cc:18028,2,1,1
cc:18058,5,1,1
cc:18060,4,1,1
cc:18098,2,1,1
cc:18161,2,1,1
cc:18183,3,1,1
cc:18229,5,2,1
cc:18284,19,2,3
cc:18286,3,1,1
cc:18288,3,1,1
cc:18303,2,1,1
cc:18419,7,1,1
cc:18422,3,1,1
cc:18550,2,1,1
cc:18555,3,1,1
cc:18558,2,1,1
cc:18566,2,1,1
cc:1857,6,1,1
cc:18634,2,1,1
cc:1865,3,1,1
cc:18684,16,2,2
cc:18689,16,1,1
cc:18719,16,2,4
cc:18725,5,1,1
cc:18770,3,1,1
cc:18842,2,1,1
cc:18882,18,2,5
cc:18886,2,1,1
cc:18891,16,1,1
cc:18909,3,1,1
cc:19009,4,1,1
cc:19019,3,1,1
cc:19026,7,1,1
cc:19027,3,1,1
cc:19093,23,2,1
cc:19096,2,1,1
cc:19139,2,1,1
cc:19161,10,1,1
cc:19200,2,1,1
cc:19216,3,1,2
cc:19252,62,2,3
cc:19263,48,2,1
cc:19339,43,2,2
cc:19357,31,1,1
cc:19438,7,1,1
cc:19447,18,1,2
cc:19449,13,2,1
cc:19455,4,1,1
cc:19469,183,2,1
cc:19475,8,1,1
cc:19476,25,2,1
cc:19478,60,2,1
cc:19519,32,1,1
cc:19538,2,1,1
cc:19595,2,1,1
cc:19675,2,1,1
cc:19700,2,1,1
cc:19738,2,1,1
cc:19771,14,1,1
cc:19777,10,2,1
cc:19809,17,1,1
cc:19813,2,1,1
cc:19822,7,1,1
cc:19849,3,1,1
cc:19882,2,1,1
cc:19897,15,1,1
cc:19919,3,1,1
cc:19940,5,1,1
cc:19984,2,1,1
cc:2,12,1,1
cc:20024,40,2,3
cc:2004,2,1,1
cc:20044,9,1,1
cc:20059,2,1,1
cc:20070,2,1,1
cc:20075,4,1,1
cc:20093,2,2,1
cc:20117,6,1,1
cc:20121,3,1,1
cc:20154,2,1,1
cc:20156,4,1,2
cc:20181,78,1,1
cc:20230,5,1,1
cc:20238,6,1,1
cc:20259,2,1,1
cc:20271,4,1,1
cc:20313,18,2,1
cc:20328,2,1,1
cc:20354,5,1,1
cc:20363,2,1,1
cc:20367,39,2,6
cc:20409,2,2,1
cc:20467,2,2,1
cc:20529,2,1,1
cc:20567,14,2,1
cc:20570,32,2,2
cc:20584,3,1,1
cc:20592,3,1,1
cc:20595,6,1,1
cc:20601,4,1,1
cc:20699,2,1,1
cc:20708,3,1,2
cc:20711,2,1,1
cc:20714,5,1,1
cc:20716,3,1,1
cc:20719,5,1,1
cc:20728,3,1,1
cc:20753,19,2,1
cc:20756,3,1,1
cc:20757,8,1,1
cc:20785,2,1,1
cc:20820,7,2,1
cc:20878,3,1,1
cc:20903,3,1,1
cc:20908,8,1,1
cc:20909,6,1,1
cc:20910,11,1,1
cc:20965,3,1,1
cc:20971,14,2,2
cc:2098,2,2,2
cc:21027,3,1,1
cc:21028,3,1,1
cc:21029,3,1,1
cc:21030,3,1,1
cc:21070,3,1,1
cc:21100,2,1,1
cc:21125,52,2,6
cc:21148,3,1,1
cc:21154,3,1,1
cc:21166,3,1,1
cc:21203,2,1,1
cc:21220,2,1,1
cc:21222,5,1,1
cc:21239,2,1,2
cc:21268,11,1,1
cc:21282,6,1,2
cc:21298,4,1,1
cc:21304,3,1,1
cc:21449,15,1,1
cc:21555,2,2,1
cc:21588,6,1,1
cc:21637,2,1,1
cc:2166,8,1,1
cc:21687,20,1,1
cc:21694,18,1,1
cc:21731,7,2,1
cc:21754,2,1,1
cc:21757,2,2,1
cc:21800,10,1,1
cc:21811,2,1,1
cc:21835,2,1,1
cc:21843,8,1,1
cc:21844,3,1,1
cc:21852,2,1,1
cc:21878,2,1,1
cc:21889,2,1,1
cc:21901,2,2,2
cc:21967,2,1,1
cc:2200,2,1,1
cc:22006,62,2,1
cc:2201,45,2,1
cc:22028,2,1,1
cc:22029,4,1,1
cc:22054,2,1,1
cc:22091,2,1,1
cc:22094,2,1,1
cc:22104,3,1,1
cc:22179,2,2,1
cc:2221,2,1,1
cc:22249,4,1,1
cc:22266,9,1,2
cc:22313,2,1,1
cc:22404,2,1,1
cc:22419,2,1,1
cc:22426,5,1,1
cc:22433,2,1,1
cc:22450,3,1,1
cc:22458,15,2,2
cc:22478,2,1,1
cc:22481,2,1,1
cc:22486,8,1,1
cc:22492,3,1,1
cc:22516,29,1,1
cc:22523,4,1,1
cc:22530,24,1,1
cc:22603,2,2,2
cc:22627,4,1,3
cc:22628,5,1,3
cc:22644,3,1,1
cc:22676,3,2,1
cc:22705,3,1,1
cc:22748,2,1,1
cc:22766,3,1,1
cc:22769,3,1,1
cc:22811,2,1,1
cc:22900,2,1,1
cc:22918,3,1,1
cc:22966,3,1,1
cc:22980,3,1,1
cc:23021,3,1,1
cc:23147,2,1,1
cc:23149,2,2,1
cc:23150,3,1,1
cc:23152,4,1,1
cc:23165,2,1,1
cc:23166,3,1,1
cc:2317,3,1,1
cc:23172,2,1,1
cc:23174,2,1,1
cc:23175,2,2,1
cc:23209,4,1,1
cc:23221,2,1,1
cc:23222,3,1,1
cc:23231,3,1,1
cc:23241,3,1,1
cc:23244,9,1,1
cc:23251,3,1,1
cc:23264,7,1,1
cc:23298,2,1,1
cc:23335,6,1,1
cc:23341,2,1,1
cc:23375,41,1,1
cc:23391,3,1,1
cc:23434,2,1,1
cc:23441,2,1,1
cc:23512,2,1,1
cc:23584,8,1,1
cc:23594,2,1,1
cc:23622,4,1,1
cc:23743,2,1,1
cc:23772,2,1,1
cc:23776,2,1,1
cc:23787,3,1,1
cc:23795,4,1,4
cc:23803,6,1,1
cc:23841,2,1,1
cc:23846,2,1,1
cc:23900,4,3,2
cc:23908,15,1,1
cc:23913,3,3,1
cc:23925,2,1,1
cc:24005,3,1,1
cc:24047,17,1,1
cc:24070,2,1,1
cc:24104,2,1,1
cc:24157,2,1,1
cc:24165,19,1,1
cc:24197,7,1,1
cc:24201,3,1,1
cc:24212,2,1,1
cc:24243,2,1,2
cc:24261,2,1,1
cc:24274,4,3,2
cc:24306,7,2,1
cc:24375,4,1,2
cc:24412,3,1,1
cc:24419,103,3,5
cc:24424,2,1,1
cc:24440,4,1,1
cc:24445,4,1,1
cc:24454,25,1,1
cc:24460,25,1,1
cc:24511,2,2,1
cc:24550,4,2,1
cc:24551,5,2,2
cc:24563,2,1,1
cc:24569,3,1,1
cc:24570,2,1,1
cc:24608,2,1,1
cc:24616,2,1,1
cc:24632,5,1,1
cc:24643,2,1,1
cc:24646,2,1,1
cc:24650,2,1,1
cc:24651,2,1,1
cc:24686,2,1,1
cc:24703,2,1,1
cc:24705,2,1,1
cc:24787,2,1,1
cc:24795,4,1,1
cc:24822,17,1,1
cc:24839,2,1,1
cc:24848,3,1,1
cc:24880,2,1,1
cc:24886,3,1,1
cc:24895,4,1,1
cc:24918,10,1,1
cc:24922,9,1,1
cc:24942,2,1,1
cc:25025,2,1,1
cc:25031,2,1,1
cc:25032,2,1,1
cc:25033,3,1,1
cc:25034,12,1,1
cc:25078,2,2,1
cc:25133,37,1,1
cc:25166,11,1,1
cc:25219,32,1,1
cc:25315,10,1,1
cc:25476,2,1,1
cc:25502,8,1,1
cc:25556,2,1,1
cc:25566,2,1,1
cc:25593,2,1,1
cc:25627,2,1,1
cc:25628,2,1,1
cc:25634,54,1,1
cc:25648,2,1,1
cc:25668,2,1,1
cc:25733,28,1,1
cc:25738,34,1,1
cc:25743,4,1,1
cc:25751,2,1,1
cc:25755,2,1,1
cc:25769,2,1,1
cc:25783,3,2,1
cc:25800,2,1,1
cc:2582,2,1,1
cc:25872,4,1,1
cc:25873,2,1,1
cc:25877,4,1,1
cc:25884,2,1,1
cc:25901,2,1,1
cc:25909,2,1,1
cc:25927,2,1,1
cc:25966,2,1,1
cc:26059,2,1,1
cc:26066,2,1,1
cc:26071,2,1,1
cc:26158,2,1,1
cc:26194,2,1,1
cc:26296,2,1,1
cc:26324,3,1,1
cc:26359,9,1,1
cc:26481,2,1,1
cc:26493,2,1,1
cc:26509,26,1,1
cc:26519,10,1,1
cc:26525,3,1,1
cc:26536,18,1,1
cc:26539,6,1,1
cc:26665,2,1,1
cc:26681,2,1,1
cc:2669,3,1,1
cc:26707,2,1,1
cc:26777,2,1,1
cc:26781,21,1,1
cc:26789,21,1,1
cc:26864,2,1,1
cc:26910,2,1,1
cc:26930,3,1,1
cc:26985,2,1,1
cc:27009,3,1,1
cc:27016,4,3,2
cc:27047,2,1,1
cc:27092,3,1,1
cc:27107,2,1,1
cc:27189,2,1,1
cc:27226,15,1,1
cc:27305,8,1,1
cc:27321,13,1,1
cc:27329,21,1,1
cc:27412,2,1,1
cc:27454,4,2,1
cc:2746,13,2,1
cc:27582,6,1,2
cc:2760,2,1,1
cc:27645,2,1,1
cc:27709,2,1,1
cc:27716,2,1,1
cc:27824,6,1,1
cc:27851,20,1,1
cc:27873,15,1,1
cc:2790,2,1,1
cc:27930,3,1,1
cc:27933,23,2,3
cc:27943,2,1,1
cc:27959,8,1,1
cc:280,76,2,1
cc:28008,7,1,1
cc:28013,14,1,1
cc:28083,23,1,1
cc:28085,14,1,1
cc:28087,9,1,1
cc:28238,4,2,1
cc:28285,3,1,1
cc:283,23,1,1
cc:28338,2,1,1
cc:28397,2,1,1
cc:28409,2,1,1
cc:28411,2,1,1
cc:28448,29,1,6
cc:28451,2,1,1
cc:28549,3,1,1
cc:28564,2,1,1
cc:28574,2,1,1
cc:28656,4,2,1
cc:28782,2,1,1
cc:28791,2,1,1
cc:28792,3,1,1
cc:28793,2,1,1
cc:28820,12,1,1
cc:28834,11,1,1
cc:28836,2,1,1
cc:28882,3,1,1
cc:28890,3,1,1
cc:28955,2,1,1
cc:29000,2,1,1
cc:291,14,2,1
cc:29114,2,1,1
cc:2912,3,1,1
cc:29124,2,1,1
cc:29126,2,1,1
cc:29205,3,1,1
cc:29209,3,1,1
cc:293,3,1,1
cc:29309,2,2,2
cc:29356,2,1,2
cc:29358,2,1,1
cc:29753,2,1,1
cc:29848,2,1,1
cc:2986,2,1,1
cc:2987,4,1,1
cc:30058,4,1,1
cc:30064,2,1,1
cc:30102,2,1,1
cc:30160,2,1,1
cc:30210,3,1,2
cc:30278,2,1,1
cc:30311,2,1,2
cc:30352,4,1,2
cc:30861,5,2,2
cc:30981,2,2,2
cc:30999,2,1,1
cc:31227,2,1,1
cc:3162,2,1,1
cc:31646,2,1,2
cc:31661,2,1,1
cc:317,5,1,1
cc:31783,3,1,1
cc:31904,2,1,1
cc:31986,2,2,1
cc:32139,2,1,1
cc:32143,2,1,1
cc:3221,4,1,1
cc:32293,3,1,1
cc:32295,2,1,1
cc:32421,2,1,1
cc:32655,2,1,1
cc:32658,2,1,1
cc:328,3,1,1
cc:32845,4,1,1
cc:329,3,1,1
cc:33096,12,1,1
cc:331,6,1,1
cc:3319,2,1,1
cc:33216,5,1,1
cc:33442,3,1,1
cc:33540,5,1,1
cc:33588,2,2,1
cc:33613,2,1,1
cc:33653,2,2,2
cc:33951,558,1,9
cc:33960,48,1,9
cc:34101,2,2,1
cc:34111,2,1,1
cc:34192,2,1,1
cc:34214,2,1,1
cc:34542,2,1,1
cc:34706,2,1,1
cc:34749,2,1,1
cc:34757,4,2,2
cc:34785,2,1,1
cc:34793,6,2,1
cc:34821,2,2,1
cc:3483,7,1,1
cc:34873,16,2,2
cc:34878,2,1,1
cc:34899,2,1,1
cc:34904,2,1,1
cc:35069,2,2,1
cc:35322,3,1,1
cc:35347,2,1,1
cc:35538,2,1,1
cc:35543,3,1,1
cc:3557,2,1,1
cc:35703,197,3,1
cc:35741,2,1,1
cc:358,4,1,1
cc:35847,3,1,1
cc:36036,2,2,1
cc:36240,5,1,1
cc:36248,2,1,1
cc:3628,110,2,1
cc:363,10,2,1
cc:36340,2,1,1
cc:36447,3,1,1
cc:36616,2,1,1
cc:36772,2,1,1
cc:36775,3,1,1
cc:36795,2,1,1
cc:36828,5,1,1
cc:36840,2,2,1
cc:36933,2,1,1
cc:37025,4,1,1
cc:37092,2,1,1
cc:371,17,1,1
cc:37183,5,1,1
cc:3739,3,1,1
cc:37437,2,1,1
cc:37509,2,1,2
cc:37713,2,1,1
cc:37786,7,1,3
cc:37819,3,1,1
cc:37828,3,1,1
cc:3784,38,2,1
cc:37862,2,2,1
cc:38148,2,1,2
cc:383,2,1,1
cc:38315,6,1,2
cc:3832,2,1,1
cc:38327,5,1,2
cc:38349,2,1,1
cc:38547,2,2,1
cc:38791,3,1,2
cc:38844,3,1,1
cc:38954,2,1,1
cc:38961,3,1,1
cc:38973,2,1,1
cc:39,776,2,1
cc:39077,2,2,1
cc:39079,2,2,1
cc:39425,2,1,1
cc:39489,2,1,1
cc:39516,6,1,1
cc:3963,7,2,4
cc:3965,37,2,1
cc:39658,2,1,1
cc:39795,2,1,1
cc:39804,2,1,1
cc:39869,3,1,1
cc:39892,2,1,1
cc:39931,2,1,1
cc:39988,2,1,1
cc:4,498,2,1
cc:40096,3,1,1
cc:40234,4,1,1
cc:40244,3,1,1
cc:40263,6,1,1
cc:40283,5,1,1
cc:40296,2,1,1
cc:40342,2,1,1
cc:40374,2,1,1
cc:40515,3,1,1
cc:4053,20,2,1
cc:40534,5,1,1
cc:40623,2,2,1
cc:40643,2,1,1
cc:407,18,2,1
cc:4074,26,2,1
cc:40765,2,1,1
cc:4078,25,2,1
cc:4091,18,2,1
cc:4092,11,1,1
cc:4093,6,2,1
cc:4097,3,1,1
cc:40974,3,1,1
cc:41,2,1,1
cc:4100,18,2,1
cc:41068,4,1,1
cc:41114,2,2,1
cc:41156,10,1,1
cc:41259,3,1,1
cc:41397,2,1,1
cc:41410,2,1,1
cc:41476,2,1,1
cc:41498,2,2,1
cc:41688,2,1,1
cc:41702,3,1,1
cc:41749,2,1,1
cc:41770,2,1,2
cc:41836,170,2,2
cc:41863,2,1,1
cc:4194,36,2,1
cc:41979,2,2,1
cc:42181,2,1,1
cc:42196,2,1,1
cc:42238,2,2,1
cc:4224,18,2,5
cc:42276,5,1,1
cc:42279,2,1,1
cc:42294,2,1,1
cc:4240,2,1,1
cc:42438,2,1,1
cc:42470,2,2,1
cc:42493,2,1,2
cc:42505,2,1,1
cc:42623,3,1,1
cc:42658,6,1,1
cc:42711,2,1,1
cc:4272,3,1,1
cc:42741,2,1,1
cc:42793,2,1,1
cc:42803,7,1,1
cc:42863,4,1,1
cc:4290,2,1,1
cc:43024,17,1,1
cc:4334,2,1,1
cc:43364,2,1,1
cc:43426,2,1,1
cc:43567,2,1,2
cc:4377,2,1,1
cc:43786,2,1,1
cc:4386,3,1,1
cc:44056,2,1,1
cc:4415,2,1,1
cc:44451,2,1,1
cc:44506,3,1,2
cc:44576,2,1,1
cc:44616,3,2,2
cc:44664,2,1,1
cc:4474,4,2,1
cc:44756,4,1,1
cc:44778,3,1,2
cc:44855,2,2,1
cc:45074,2,1,1
cc:45081,2,1,1
cc:45115,2,1,1
cc:45210,2,1,1
cc:4530,3,1,1
cc:45511,2,2,2
cc:45570,2,1,2
cc:45581,3,1,2
cc:4564,4,1,1
cc:45771,4,1,1
cc:45889,7,2,2
cc:45915,2,1,1
cc:46017,2,1,2
cc:46060,3,1,1
cc:46065,2,1,1
cc:46066,4,1,1
cc:46073,2,1,1
cc:46088,2,2,2
cc:46089,6,1,1
cc:46133,2,1,1
cc:46139,2,1,1
cc:46314,18,1,3
cc:4640,2,2,1
cc:46475,3,1,1
cc:465,2,2,1
cc:46559,2,2,1
cc:46579,2,1,1
cc:46632,2,1,1
cc:4669,2,1,1
cc:46726,2,2,2
cc:4675,2,2,1
cc:46851,2,1,1
cc:46892,3,1,1
cc:4694,2,1,1
cc:46980,2,2,1
cc:47008,2,2,1
cc:47079,2,1,2
cc:47103,2,1,1
cc:47198,2,1,2
cc:47218,2,1,1
cc:47223,3,1,2
cc:4741,2,1,1
cc:47421,3,2,1
cc:47422,2,1,1
cc:47467,3,1,2
cc:47475,3,1,2
cc:47477,2,1,1
cc:47488,2,1,2
cc:47605,4,1,1
cc:47648,6,1,1
cc:47657,2,1,1
cc:47705,2,1,2
cc:47733,53,1,1
cc:47762,3,1,1
cc:47787,4,1,1
cc:47876,2,1,1
cc:479,3,1,1
cc:47918,2,1,1
cc:47974,3,1,1
cc:48112,2,1,1
cc:48179,2,2,1
cc:48199,5,1,1
cc:48254,2,1,1
cc:48255,2,1,1
cc:48276,2,1,1
cc:48335,4,1,1
cc:48426,24,1,1
cc:48445,2,1,1
cc:48451,3,1,1
cc:48533,3,1,1
cc:4855,2,1,1
cc:48642,2,1,1
cc:48644,2,1,1
cc:48682,2,2,1
cc:48784,2,1,1
cc:48800,2,1,1
cc:48930,2,1,1
cc:48961,2,1,1
cc:49017,5,2,1
cc:49170,5,1,1
cc:4924,2,1,1
cc:49264,9,3,1
cc:49355,2,1,1
cc:49388,2,1,1
cc:49494,4,1,1
cc:49550,2,1,1
cc:49637,2,1,1
cc:49752,2,1,1
cc:49781,2,1,1
cc:49783,14,1,1
cc:49784,2,1,1
cc:49846,4,1,1
cc:49875,3,1,1
cc:49922,16,1,1
cc:49927,2,1,1
cc:49969,14,1,1
cc:49985,2,1,1
cc:5010,2,1,1
cc:50161,9,1,1
cc:50219,7,1,1
cc:50228,2,1,1
cc:5038,38,2,1
cc:50399,21,1,1
cc:50451,2,1,1
cc:50453,2,1,1
cc:50567,5,1,1
cc:50706,2,1,1
cc:50795,2,1,1
cc:50970,2,1,1
cc:51033,56,1,1
cc:51060,2,1,1
cc:51082,2,1,1
cc:51162,2,1,1
cc:51355,2,1,1
cc:51410,3,1,1
cc:51425,3,2,1
cc:5143,6,1,1
cc:5149,5,2,1
cc:51500,5,1,1
cc:51527,2,1,1
cc:51630,2,1,1
cc:51661,3,1,1
cc:51760,4,1,1
cc:51768,4,1,1
cc:51769,2,1,1
cc:51770,2,1,1
cc:51775,2,1,1
cc:518,6,1,1
cc:5198,2,1,1
cc:52142,26,2,1
cc:52149,3,1,1
cc:52150,3,1,1
cc:52200,2,1,1
cc:52234,3,1,1
cc:52274,2,1,2
cc:52280,4,1,1
cc:52376,2,1,1
cc:52598,2,1,1
cc:52654,2,1,1
cc:52698,2,1,1
cc:52753,3,1,1
cc:52795,6,1,1
cc:52861,2,1,1
cc:52923,98,2,1
cc:52979,35,1,1
cc:53056,3,1,1
cc:53142,2,1,1
cc:53211,2,1,1
cc:53258,2,1,1
cc:5332,2,1,1
cc:53412,4,1,1
cc:5354,5,1,1
cc:53566,3,1,1
cc:53767,2,1,1
cc:54006,2,1,2
cc:54023,8,1,1
cc:54212,2,1,1
cc:54228,2,1,1
cc:54271,2,1,1
cc:54358,2,1,1
cc:54492,3,1,1
cc:54677,2,1,2
cc:54923,2,1,1
cc:55063,3,1,1
cc:55188,2,1,1
cc:55208,2,2,2
cc:55245,2,1,1
cc:55268,12,1,1
cc:55276,2,1,1
cc:55278,3,1,1
cc:55339,3,1,1
cc:5538,2,1,1
cc:55605,3,1,1
cc:55607,2,1,1
cc:55612,6,1,2
cc:55722,3,1,1
cc:55741,2,1,1
cc:55800,13,1,1
cc:55855,4,2,1
cc:55895,2,1,1
cc:55927,3,1,1
cc:56002,3,1,1
cc:5624,3,1,1
cc:56246,2,1,1
cc:5644,4,1,1
cc:56452,2,1,1
cc:5653,2,1,1
cc:56658,2,1,1
cc:56673,2,1,1
cc:569,2,1,1
cc:57,37,2,1
cc:57034,2,1,2
cc:5708,11,2,1
cc:57127,2,1,1
cc:57254,2,2,1
cc:5765,3,1,1
cc:57671,2,1,1
cc:57680,2,1,1
cc:57718,11,1,1
cc:57890,2,1,1
cc:57906,3,1,1
cc:57981,2,1,1
cc:5811,3,1,1
cc:58163,2,1,1
cc:5821,3,1,1
cc:58351,3,2,1
cc:58473,2,1,1
cc:58474,3,1,1
cc:58560,2,1,1
cc:5861,14,2,1
cc:58627,2,1,1
cc:58628,2,1,1
cc:58635,3,1,1
cc:58669,2,1,1
cc:58686,2,1,1
cc:58811,2,1,1
cc:58818,3,1,1
cc:5891,8,2,1
cc:58960,2,1,1
cc:58996,2,1,1
cc:59075,3,1,1
cc:59237,2,1,1
cc:59239,3,1,1
cc:59295,2,2,1
cc:5933,11,2,1
cc:59365,2,1,1
cc:59424,2,1,1
cc:59538,2,1,1
cc:59735,2,1,1
cc:59848,2,1,1
cc:59850,2,2,1
cc:59921,2,1,1
cc:60016,3,1,1
cc:60073,2,1,1
cc:60863,2,1,1
cc:60882,3,1,1
cc:61012,9,2,3
cc:61082,2,1,1
cc:61169,2,1,1
cc:6122,37,2,1
cc:61448,3,1,1
cc:61456,2,1,1
cc:61574,2,1,1
cc:61591,2,1,1
cc:61636,2,1,1
cc:61685,2,1,1
cc:61763,2,1,1
cc:61804,20,1,1
cc:61853,2,1,1
cc:6220,2,1,1
cc:62372,2,1,1
cc:62477,6,1,2
cc:6249,2,1,1
cc:6262,4,2,1
cc:6266,3,1,1
cc:62768,2,1,1
cc:6282,2,1,1
cc:62966,3,1,1
cc:62979,2,1,2
cc:63,41,2,1
cc:63019,2,1,1
cc:63123,5,1,1
cc:63331,54,1,3
cc:6360,3,1,1
cc:63826,2,1,1
cc:63865,4,1,1
cc:63906,2,1,1
cc:63980,2,1,1
cc:64169,3,1,1
cc:64270,3,1,1
cc:64429,2,1,1
cc:6452,3,1,1
cc:64600,2,1,1
cc:64661,2,1,1
cc:64694,11,1,4
cc:64783,10,1,4
cc:64829,2,1,1
cc:6486,3,1,1
cc:64935,2,2,1
cc:64981,2,1,2
cc:65040,2,1,1
cc:65639,2,1,1
cc:65904,3,1,1
cc:65974,2,2,1
cc:66,24,1,1
cc:66201,9,1,3
cc:6623,2,1,1
cc:66250,2,1,1
cc:66292,3,1,1
cc:66432,2,1,1
cc:66638,2,1,1
cc:66704,2,1,1
cc:66882,64,1,3
cc:66883,5,1,2
cc:66950,2,1,1
cc:66952,2,1,1
cc:66955,5,1,1
cc:67015,2,1,1
cc:67050,2,1,1
cc:67139,2,1,1
cc:67149,2,1,1
cc:67250,2,1,1
cc:67261,2,1,1
cc:67396,2,1,1
cc:67423,2,1,1
cc:67636,2,1,1
cc:67644,2,1,1
cc:67684,2,1,1
cc:67754,2,1,1
cc:67900,2,2,1
cc:68161,2,1,1
cc:68350,2,1,1
cc:686,2,1,1
cc:687,17,2,1
cc:6871,2,2,1
cc:68758,2,1,1
cc:688,3,1,1
cc:6884,2,1,1
cc:68911,3,1,1
cc:68920,4,1,1
cc:68921,2,1,1
cc:6893,2,1,1
cc:69,155,2,1
cc:69014,3,1,1
cc:69155,2,1,1
cc:69212,3,1,1
cc:69348,2,1,1
cc:69702,17,1,1
cc:70173,2,1,1
cc:70207,3,1,1
cc:70288,2,1,1
cc:70518,2,1,1
cc:70546,3,1,1
cc:7055,3,1,1
cc:70585,5,1,1
cc:70632,3,1,1
cc:70646,2,1,1
cc:70651,2,1,1
cc:70728,2,1,1
cc:70740,2,1,1
cc:70759,2,1,1
cc:70767,2,1,1
cc:70768,2,1,1
cc:70799,2,1,1
cc:70809,2,1,1
cc:70850,6,1,1
cc:70984,2,1,1
cc:7107,2,1,1
cc:71144,3,1,1
cc:71219,2,1,1
cc:71291,10,1,1
cc:71297,3,1,1
cc:71388,3,1,1
cc:71391,3,1,1
cc:71395,3,1,1
cc:71440,2,1,1
cc:71444,14,1,4
cc:71570,26,1,1
cc:71576,2,1,1
cc:71579,3,1,1
cc:71605,2,1,1
cc:7161,2,1,1
cc:71695,2,1,1
cc:7171,2,2,1
cc:71869,7,1,1
cc:71871,3,1,1
cc:71976,2,1,1
cc:71986,3,1,1
cc:72100,2,1,2
cc:7216,2,1,1
cc:72170,3,1,1
cc:72173,3,1,1
cc:72239,3,1,1
cc:72288,2,1,1
cc:72315,7,1,1
cc:72318,2,1,1
cc:72326,3,1,1
cc:72333,2,1,1
cc:72456,2,1,1
cc:72473,2,1,1
cc:72521,3,1,1
cc:72559,2,1,1
cc:72571,522,1,2
cc:72612,2,1,1
cc:72698,2,1,1
cc:72716,5,1,1
cc:72729,2,1,1
cc:729,23,2,1
cc:72924,3,2,1
cc:72950,2,1,1
cc:73104,6,1,1
cc:7315,18,5,2
cc:73174,2,1,1
cc:73202,2,1,1
cc:73220,3,1,1
cc:73224,2,1,1
cc:73238,6,1,2
cc:7326,3,1,1
cc:73282,3,1,1
cc:73286,3,1,1
cc:73324,3,1,1
cc:73325,3,1,1
cc:73469,2,1,2
cc:73483,3,1,1
cc:7351,5,2,1
cc:73628,2,1,1
cc:737,16,2,1
cc:73900,5,1,1
cc:73926,3,1,1
cc:73991,2,1,1
cc:74023,3,1,1
cc:74025,3,1,1
cc:74056,3,1,1
cc:74123,2,1,1
cc:74169,2,1,1
cc:74209,2,1,1
cc:74518,5,1,1
cc:74534,2,1,1
cc:746,30,1,1
cc:74633,2,1,1
cc:7465,2,1,1
cc:74888,3,1,1
cc:74891,2,1,1
cc:74893,3,1,1
cc:74897,3,1,1
cc:74898,5,1,2
cc:74947,5,1,1
cc:74949,3,1,1
cc:75016,3,1,1
cc:7503,3,1,1
cc:75174,2,1,1
cc:75250,3,1,1
cc:75291,2,1,1
cc:75293,3,1,1
cc:75298,2,1,1
cc:75329,6,1,1
cc:75339,2,1,1
cc:75343,2,1,1
cc:75347,2,1,1
cc:75349,2,1,1
cc:75356,2,1,1
cc:75380,3,1,1
cc:75420,3,1,1
cc:75422,2,1,1
cc:75433,2,1,1
cc:75448,2,1,2
cc:75451,2,1,1
cc:75457,2,1,1
cc:75464,2,1,1
cc:75483,2,1,1
cc:75486,3,1,1
cc:75490,3,1,1
cc:75491,3,1,1
cc:75495,3,1,1
cc:75568,2,2,1
cc:75671,2,1,1
cc:75713,3,1,1
cc:75715,3,1,1
cc:75716,2,1,1
cc:75731,5,1,1
cc:75746,3,1,1
cc:7582,2,1,1
cc:75827,2,1,1
cc:75871,3,1,1
cc:75899,2,1,1
cc:7590,2,1,1
cc:75910,3,1,1
cc:75914,2,1,1
cc:75917,2,1,1
cc:75923,3,1,1
cc:75944,3,1,1
cc:75947,3,1,1
cc:75953,2,1,1
cc:75967,2,1,1
cc:76002,2,1,1
cc:76012,2,1,1
cc:76070,2,1,1
cc:76127,2,1,1
cc:76137,2,1,1
cc:76143,3,1,1
cc:76146,2,1,2
cc:76147,3,1,1
cc:76154,2,1,1
cc:76174,3,1,1
cc:76202,2,1,1
cc:76207,3,1,1
cc:76390,2,1,1
cc:7644,2,1,1
cc:7646,8,2,1
cc:76481,2,1,1
cc:7652,3,2,1
cc:76604,114,3,2
cc:76615,3,2,1
cc:76629,3,1,1
cc:76638,2,2,1
cc:76644,3,1,1
cc:76701,2,1,2
cc:76741,18,1,1
cc:76759,2,1,1
cc:76805,8,2,1
cc:76837,2,1,1
cc:76897,2,1,1
cc:76918,2,1,1
cc:76921,2,1,1
cc:76994,3,1,1
cc:76996,3,1,1
cc:77022,2,1,1
cc:77074,4,2,1
cc:77075,2,1,1
cc:77083,2,1,1
cc:77137,2,1,1
cc:77140,2,1,1
cc:77153,4,1,2
cc:77173,3,1,1
cc:77208,3,1,1
cc:77246,2,1,1
cc:77249,2,1,1
cc:77251,2,1,1
cc:77343,3,1,1
cc:77359,2,1,1
cc:77364,3,1,1
cc:77377,2,1,1
cc:77381,3,1,1
cc:77395,2,1,1
cc:77514,2,2,1
cc:77519,3,1,1
cc:77537,3,1,1
cc:77556,2,1,1
cc:77627,3,1,1
cc:77653,3,1,1
cc:77657,2,1,1
cc:77661,2,1,1
cc:77664,2,1,1
cc:77674,3,1,1
cc:77675,2,1,1
cc:77678,2,1,1
cc:77679,3,1,1
cc:77683,3,1,1
cc:77692,2,1,1
cc:77694,3,1,1
cc:77696,2,1,1
cc:7770,3,1,1
cc:77721,2,1,1
cc:77725,2,1,1
cc:77732,3,1,1
cc:77752,2,1,1
cc:77756,2,1,1
cc:77771,2,1,1
cc:77826,3,1,1
cc:77851,2,1,1
cc:77879,3,1,1
cc:7789,2,1,1
cc:77921,2,1,1
cc:77925,5,1,1
cc:77937,4,2,1
cc:78005,2,1,1
cc:78014,2,1,1
cc:78027,2,1,1
cc:78031,3,1,1
cc:78032,3,1,1
cc:78033,2,1,1
cc:78048,2,1,1
cc:78055,3,1,1
cc:78057,2,1,1
cc:78058,2,1,1
cc:78063,3,1,1
cc:78069,2,1,1
cc:78224,2,1,1
cc:78235,2,1,1
cc:78310,2,1,1
cc:78407,2,1,1
cc:78512,2,1,2
cc:78548,2,1,1
cc:78589,2,1,1
cc:78655,3,1,1
cc:78659,3,1,1
cc:78752,2,1,1
cc:78829,3,1,1
cc:78936,2,1,1
cc:78944,2,1,1
cc:78951,2,1,1
cc:78959,2,1,1
cc:78968,58,3,1
cc:78979,2,1,1
cc:791,111,2,1
cc:79103,3,1,1
cc:79112,2,1,1
cc:79238,3,1,1
cc:79250,3,1,1
cc:79259,2,1,1
cc:79269,3,1,1
cc:79276,3,1,1
cc:79281,3,1,1
cc:79286,3,1,1
cc:79290,3,1,1
cc:79300,3,1,1
cc:79304,3,1,1
cc:79305,2,1,1
cc:79309,3,1,1
cc:79312,2,1,1
cc:79320,3,1,1
cc:79323,2,1,1
cc:79355,2,1,1
cc:79412,3,1,1
cc:79416,3,1,1
cc:79474,2,1,1
cc:79475,2,1,1
cc:79521,3,1,1
cc:79560,2,1,1
cc:79563,5,1,1
cc:79566,2,1,1
cc:79576,2,1,1
cc:79589,2,1,1
cc:79592,2,1,1
cc:79596,2,1,1
cc:79602,3,1,1
cc:79605,2,1,1
cc:79739,2,1,1
cc:79741,3,1,1
cc:79746,2,1,1
cc:79763,2,1,1
cc:79774,3,1,1
cc:79778,3,1,1
cc:79808,3,1,1
cc:79864,3,1,1
cc:79868,2,1,1
cc:79875,2,1,1
cc:79898,2,1,1
cc:79961,2,1,1
cc:79975,2,1,1
cc:79980,2,1,1
cc:79981,2,1,1
cc:79986,2,1,1
cc:80023,2,1,1
cc:80029,2,1,1
cc:80048,2,1,1
cc:80056,2,1,1
cc:80065,2,1,1
cc:80067,2,1,1
cc:80101,2,1,1
cc:80157,2,1,1
cc:80180,5,2,1
cc:80197,2,1,1
cc:80265,2,1,1
cc:80269,2,1,1
cc:80276,2,1,1
cc:80277,2,1,1
cc:80278,3,1,1
cc:80301,2,1,1
cc:80302,2,1,1
cc:80327,2,1,1
cc:80329,3,1,1
cc:80362,2,1,1
cc:80364,2,1,1
cc:80370,2,1,1
cc:80441,2,1,1
cc:80443,2,1,1
cc:80512,2,1,1
cc:80522,2,1,1
cc:80544,2,1,1
cc:80546,2,1,1
cc:80568,3,1,1
cc:80579,3,1,1
cc:80594,2,1,1
cc:80625,2,1,1
cc:80628,2,1,1
cc:80638,2,1,2
cc:80639,3,1,1
cc:80642,3,1,1
cc:80654,2,1,1
cc:80767,2,1,1
cc:80772,3,1,1
cc:80790,2,1,1
cc:80804,2,1,1
cc:80853,2,1,1
cc:80866,2,1,1
cc:80885,2,1,1
cc:80886,2,1,1
cc:80890,2,1,1
cc:80894,2,1,1
cc:80914,2,1,1
cc:8092,2,1,1
cc:81001,2,1,1
cc:81019,2,1,1
cc:81076,2,1,2
cc:81096,3,1,1
cc:81115,3,1,1
cc:81131,3,1,1
cc:81151,5,4,1
cc:81163,2,1,1
cc:81194,3,1,1
cc:81233,2,1,1
cc:81481,3,1,1
cc:81566,3,1,1
cc:81583,2,1,1
cc:81589,2,1,1
cc:81613,3,1,1
cc:81614,2,1,1
cc:81760,2,1,1
cc:81763,2,1,1
cc:81766,2,1,1
cc:81768,2,1,1
cc:81787,2,1,1
cc:81813,2,1,1
cc:81823,4,1,1
cc:81847,3,1,1
cc:81894,2,1,1
cc:81900,2,1,1
cc:81935,9,1,1
cc:81938,3,1,1
cc:81940,2,1,1
cc:81943,3,1,1
cc:81948,2,1,1
cc:81949,3,1,1
cc:81950,2,2,1
cc:82067,3,1,1
cc:82068,3,1,1
cc:82118,3,1,1
cc:82119,2,1,1
cc:82132,3,1,1
cc:82134,2,1,1
cc:82140,3,1,1
cc:82150,5,1,1
cc:82168,2,1,1
cc:82185,2,1,1
cc:82248,3,1,1
cc:82251,3,1,1
cc:82253,2,1,1
cc:82258,3,1,1
cc:82409,2,1,1
cc:82414,7,1,1
cc:82415,2,1,1
cc:82425,2,1,1
cc:82443,2,1,1
cc:82448,2,1,1
cc:82452,3,1,1
cc:82476,3,1,1
cc:82478,2,1,1
cc:82480,3,1,1
cc:82486,3,1,1
cc:82496,2,1,1
cc:82504,3,1,1
cc:82520,2,1,1
cc:82521,5,1,1
cc:82526,6,1,1
cc:82540,2,1,1
cc:82543,3,1,1
cc:82557,2,1,1
cc:82562,3,1,1
cc:82563,2,1,1
cc:82565,3,1,1
cc:82578,3,1,1
cc:82580,2,1,1
cc:82603,3,1,1
cc:82620,2,1,1
cc:82630,2,1,1
cc:82652,3,1,1
cc:82683,2,1,1
cc:82747,2,1,1
cc:82788,2,1,1
cc:82789,2,1,1
cc:83121,2,1,1
cc:83150,3,1,1
cc:83155,2,1,1
cc:83218,3,1,1
cc:83253,2,1,1
cc:83303,2,1,1
cc:83322,2,1,1
cc:83340,2,1,1
cc:83353,2,1,1
cc:83357,2,1,1
cc:83447,2,1,1
cc:83484,3,1,1
cc:83490,3,1,1
cc:83491,2,1,1
cc:83506,2,1,1
cc:8353,2,1,1
cc:83573,9,1,1
cc:83601,3,1,1
cc:83617,2,1,1
cc:83628,2,1,1
cc:83639,2,1,1
cc:83656,5,1,1
cc:83710,3,1,1
cc:83715,3,1,1
cc:83728,3,1,1
cc:83736,2,1,1
cc:83766,2,1,1
cc:83768,2,1,1
cc:83827,3,1,1
cc:83835,2,1,1
cc:83988,2,1,1
cc:84006,4,1,1
cc:84017,2,1,1
cc:84025,3,1,1
cc:84030,3,1,1
cc:84033,2,1,1
cc:84041,2,1,1
cc:84092,8,1,1
cc:84104,2,1,1
cc:8412,4,1,1
cc:84212,2,1,1
cc:8447,8,1,1
cc:84509,2,2,1
cc:84586,2,1,1
cc:84744,2,1,1
cc:84833,2,1,1
cc:84880,2,1,1
cc:8493,10,1,1
cc:8504,3,2,1
cc:8505,3,1,1
cc:85078,2,1,2
cc:85340,2,1,1
cc:85519,2,1,1
cc:8560,6,1,1
cc:85745,3,1,1
cc:85756,2,1,1
cc:858,5,2,1
cc:85876,2,2,2
cc:860,2,1,1
cc:86060,3,1,2
cc:86076,2,1,2
cc:8615,5,2,1
cc:86334,2,1,1
cc:86574,2,1,1
cc:86627,2,1,1
cc:86704,3,1,1
cc:8692,3,1,1
cc:86931,2,1,1
cc:8719,13,2,1
cc:87519,2,1,1
cc:87584,4,1,1
cc:87680,2,1,1
cc:88149,3,1,1
cc:88251,3,1,1
cc:88260,3,1,1
cc:88267,3,1,1
cc:88490,2,1,1
cc:88954,3,1,1
cc:88956,2,1,1
cc:8943,6,1,1
cc:89521,3,2,1
cc:89695,2,1,1
cc:89777,3,1,1
cc:9,78,2,1
cc:9012,8,2,1
cc:90143,2,1,1
cc:9017,2,1,1
cc:90300,2,1,1
cc:9041,3,1,1
cc:90608,2,1,1
cc:9075,2,1,1
cc:90829,2,2,1
cc:90871,2,1,1
cc:9099,24,1,2
cc:9107,3,1,1
cc:91125,5,1,1
cc:91270,5,2,1
cc:91432,3,1,1
cc:9149,3,1,1
cc:9151,2,1,1
cc:91529,2,1,1
cc:916,2,1,1
cc:91609,3,1,1
cc:91817,2,1,1
cc:91934,4,1,2
cc:92109,2,1,1
cc:92126,2,1,1
cc:9225,2,2,1
cc:92296,2,2,1
cc:92350,3,1,1
cc:92485,2,1,2
cc:92700,2,1,2
cc:9283,2,1,1
cc:9284,4,1,1
cc:92879,3,1,1
cc:9289,2,1,1
cc:93117,2,2,1
cc:93181,2,1,1
cc:93261,2,1,1
cc:93297,2,1,1
cc:93630,3,1,1
cc:9378,2,1,1
cc:94177,2,1,1
cc:94214,2,1,1
cc:9427,2,1,1
cc:94756,2,1,1
cc:94936,2,1,1
cc:95029,2,1,1
cc:95062,2,1,1
cc:95343,2,1,1
cc:960,61,2,1
cc:9610,2,1,1
cc:9619,3,1,1
cc:96216,2,1,1
cc:96309,2,1,1
cc:9635,2,1,1
cc:9636,2,1,1
cc:96362,3,2,1
cc:9638,3,1,1
cc:96390,3,1,1
cc:964,15,2,1
cc:9640,3,1,1
cc:965,2,1,1
cc:96784,3,1,1
cc:968,6,2,1
cc:9682,2,1,1
cc:9689,4,3,2
cc:96980,2,1,1
cc:9712,2,1,1
cc:9730,2,1,1
cc:97762,2,1,1
cc:9797,2,1,1
cc:98109,2,1,1
cc:98261,2,1,1
cc:98335,2,1,1
cc:98530,5,1,1
cc:98607,2,1,1
cc:98683,2,1,1
cc:9877,2,1,1
cc:98834,2,1,1
cc:98848,2,1,1
cc:9889,2,1,1
cc:990,50,2,1
cc:99079,3,1,1
cc:9912,4,1,1
cc:9915,3,1,1
cc:99206,2,1,1
cc:99454,2,1,1
cc:99475,2,1,1
cc:9963,4,1,1
cc:99670,2,1,1
cc:99704,3,1,1
cc:99845,2,1,1
