id_a,id_b,jaccard
7486957,7488330,0.8591549295774648
7487272,7488786,0.9444444444444444
7509729,7509745,0.9843382928739233
7509729,7511001,0.99213217938631
7515574,7515886,0.8571428571428571
7523695,7538059,0.8717948717948718
7553468,7553473,0.9072164948453608
7553470,7553473,0.8877551020408163
7553473,7553474,0.9278350515463918
7553470,7553476,0.8969072164948454
7553472,7553490,0.8877551020408163
7553472,7553496,0.8877551020408163
7553558,7553562,0.900990099009901
7553562,7559178,0.900990099009901
7553468,7559331,0.86
7553558,7559555,0.8811881188118812
7487427,7572961,0.8823529411764706
7554629,7600937,0.9285714285714286
7488717,7613201,0.9166666666666666
7557592,7613649,0.8780487804878049
7519251,7613837,0.8518518518518519
7575726,7622563,0.8534201954397395
7482059,7632313,0.8846153846153846
7607524,7655093,0.9130434782608695
7611232,7668040,0.8666666666666667
7680531,7680723,0.8701298701298701
7681574,7681591,0.8802395209580839
7681574,7681800,0.891566265060241
7678833,7684270,0.8507462686567164
7684364,7684366,0.8571428571428571
7696712,7696773,0.9358288770053476
7698955,7699052,0.9315068493150684
7698396,7703058,0.9548872180451128
7709397,7709698,0.8600543478260869
7712029,7712280,0.8505747126436781
7682460,7724277,0.8901734104046243
7714452,7718858,0.9203539823008849
7732489,7732592,0.9433962264150944
7482059,7740894,0.875
7743092,7743199,0.9236641221374046
7743092,7743277,0.9236641221374046
7743266,7743397,0.916030534351145
7669648,7751843,0.967741935483871
7687601,7764108,0.867879746835443
7769309,7771504,0.8896825396825396
7769525,7769687,0.9386503067484663
7771956,7771965,0.9358974358974359
7778861,7779098,0.955456570155902
7778861,7779282,0.9664429530201343
7785249,7785426,0.8991596638655462
7809456,7809473,0.9172413793103448
7819306,7823983,0.8955223880597015
7823983,7824444,0.9097744360902256
7771010,7835833,0.9534883720930233
7839911,7841428,0.9640287769784173
7839911,7841533,0.9640287769784173
7840455,7840478,0.8658536585365854
7806616,7851061,0.878698224852071
7850680,7851061,0.8605341246290801
7657780,7863941,0.863013698630137
7818799,7873753,0.9012345679012346
7878793,7879477,0.8913043478260869
7882931,7885261,0.9065934065934066
7882931,7888509,0.9010989010989011
7907610,7923765,0.8888888888888888
7929902,7930234,0.92625
7955764,7958556,0.8959276018099548
7977287,7977516,0.8668407310704961
7960930,7981294,0.8798342541436464
7960930,7981533,0.901685393258427
7960930,7981673,0.8842975206611571
7553473,7995573,0.8611111111111112
8012897,8012082,0.8707149853085211
8035163,8035320,0.863013698630137
8027652,8036676,0.9615384615384616
7677797,8032638,0.875
8032638,8033119,0.8888888888888888
8041286,8041692,0.9417249417249417
8027489,8049305,0.8888888888888888
8056024,8056060,0.8723404255319149
8056024,8056069,0.8924731182795699
8059415,8062788,0.930379746835443
8073782,8073905,0.9203821656050956
7665042,8081027,0.8589743589743589
7859181,8081027,0.8734177215189873
8025141,8082678,0.9074074074074074
8088655,8088716,0.8609625668449198
8025141,8092605,0.8812785388127854
8038027,8099508,0.9629629629629629
8040557,8102327,0.8928571428571429
7889573,8108453,0.9021739130434783
8094208,8111459,0.9615384615384616
7888461,8117772,0.8877605558524853
7888461,8117999,0.887940234791889
7888461,8118001,0.9054779806659506
7888461,8118002,0.892933618843683
7888461,8119387,0.8728139904610492
7814534,8119936,0.8661417322834646
8119957,8120010,0.9316666666666666
7677797,8127670,0.9565217391304348
7677797,8127863,0.8947368421052632
8138455,8138673,0.9696969696969697
7873753,8144823,0.891566265060241
8040557,8172824,0.9642857142857143
8154519,8154696,0.9482071713147411
8027526,8160400,0.8846153846153846
8167205,8167435,0.9301310043668122
8181877,8181914,0.9284064665127021
8193124,8194037,0.875
8227974,8227975,0.8807017543859649
8219973,8228802,0.9453302961275627
8219973,8231433,0.9387755102040817
7486957,8241374,0.8591549295774648
7634330,8241374,0.9701492537313433
7486957,8241563,0.9701492537313433
8241475,8241563,0.8591549295774648
8242261,8242264,1.0
8246906,8246983,0.8921568627450981
8250800,8250839,0.9709302325581395
8249963,8249980,0.868995633187773
8249963,8250009,0.9107142857142857
8255535,8255540,0.9296875
7657780,8264571,0.9710144927536232
7941758,8292540,0.932258064516129
8294974,8313249,0.867704280155642
8323738,8323753,0.8923766816143498
8232485,8324333,0.958904109589041
8331876,8331974,0.9295774647887324
8329968,8330168,0.8529411764705882
8248766,8337239,0.8791666666666667
8346787,8347108,0.9047619047619048
8347120,8347227,0.911504424778761
8351895,8353239,0.9590163934426229
8351895,8359903,0.9233870967741935
8400689,8400695,0.8507462686567164
8437065,8437761,0.9104477611940298
7873753,8447006,0.8666666666666667
8457514,8458849,0.8502994011976048
8455611,8452573,0.967741935483871
8467081,8467146,0.880648899188876
8087371,8513025,0.9453924914675768
8502387,8532775,0.9633699633699634
8407669,8564466,0.8595744680851064
8496378,8567489,0.9320987654320988
8567979,8569858,0.9384615384615385
7873753,8570800,0.9012345679012346
8580191,8580696,0.90625
8580191,8580712,0.96875
8576369,8576546,0.922077922077922
8590231,8590233,0.9056603773584906
8555708,8594742,0.8717948717948718
8601137,8601263,0.8865248226950354
8593083,8608398,0.9154518950437318
8595269,8605920,0.9333333333333333
8621023,8626273,0.9565217391304348
8621579,8623034,0.9163802978235968
8621579,8623236,0.9274193548387096
8621579,8623628,0.9181922196796338
8627023,8631614,0.8865979381443299
8224140,8629188,0.8724279835390947
8642130,8642132,0.9442508710801394
8642130,8642133,0.9532374100719424
8639813,8649207,0.9523809523809523
8639813,8649234,0.9761904761904762
8645509,8650690,0.8913043478260869
8650690,8650701,0.8604651162790697
8650460,8651010,0.9555555555555556
8656338,8656390,0.918918918918919
8656338,8656394,0.8571428571428571
8656338,8656409,0.8947368421052632
8656338,8656432,0.9066666666666666
8331769,8656779,0.925531914893617
8611370,8663764,0.9370441458733205
8691924,8691928,0.9464285714285714
8580696,8689008,0.875
8607705,8704351,0.9367088607594937
8706137,8706148,0.922077922077922
8714095,8724211,0.8782051282051282
8631091,8725692,0.85
8724241,8725692,0.866361071932299
8674416,8737983,0.8575498575498576
8734294,8742544,0.8673602080624188
8756976,8757025,0.8838951310861424
8759025,8759111,0.8896103896103896
8759025,8759420,0.8585106382978723
8771355,8771534,0.926056338028169
8777139,8779673,0.8541666666666666
8779620,8779673,0.875
8783648,8783894,0.8560606060606061
8793685,8794131,0.9155313351498637
8554272,8804844,0.9024390243902439
8803515,8803579,0.9047619047619048
8810593,8810606,0.9606741573033708
8810593,8810752,0.9606741573033708
8810593,8810764,0.9553072625698324
8810593,8810877,0.95
8651289,8811649,0.8507462686567164
8810593,8812159,0.9606741573033708
8809633,8822996,0.8541033434650456
8823374,8823378,0.868421052631579
8823374,8823509,0.868421052631579
8822996,8823973,0.8769230769230769
8826647,8826847,0.8679245283018868
8839405,8839586,0.89453125
8815221,8837008,0.8787878787878788
8825619,8843727,0.9433962264150944
8857391,8857537,0.8666666666666667
8859655,8859733,0.9375
8881788,8882036,0.9457013574660633
8889134,8889173,0.9497950819672131
8848603,8887594,0.895
8847796,8905811,0.8513513513513513
8905811,8905812,0.88
8847796,8905813,0.8513513513513513
8847796,8905814,0.8513513513513513
8889896,8909651,0.8936708860759494
8860455,8914310,0.967741935483871
8699112,8913296,0.8524590163934426
8920595,8923196,0.972972972972973
8928639,8928840,0.9557251908396946
8929531,8929623,0.8719424460431655
8933189,8933214,0.95
8926131,8942045,0.8604651162790697
8813060,8938138,0.8636363636363636
8938029,8948099,0.9523809523809523
8964478,8965011,0.8686131386861314
8973314,8973374,0.9008620689655172
8847796,8983140,0.8513513513513513
8905811,8983153,0.8918918918918919
8975786,8983153,0.8607594936708861
8847796,8983187,0.8513513513513513
8996552,8996718,0.9074074074074074
8949220,9008558,0.9473684210526315
8731495,9012908,0.9473684210526315
8950314,9014229,0.9473684210526315
8867416,9019386,0.8636363636363636
9019870,9020084,1.0
8463132,9037804,0.8539518900343642
9042092,9042235,0.9804814573845153
9043794,9045390,0.9142857142857143
9045118,9045390,0.9280575539568345
8833301,9062185,0.8793103448275862
9032889,9059817,0.98
8751210,9060427,0.8709677419354839
9063533,9081861,0.8829787234042553
9087090,9087138,0.9076923076923077
9118532,9118584,0.8690176322418136
8651289,9119199,0.9393939393939394
7677797,9127206,0.8913043478260869
7889528,9127206,0.9425287356321839
9130802,9130835,0.8992248062015504
9125219,9125678,0.8852459016393442
9107191,9139762,0.8764705882352941
9107191,9146764,0.8713450292397661
9107191,9146770,0.8592375366568915
9154729,9155119,0.8547717842323651
9159506,9160368,0.9166666666666666
9181254,9182895,0.9154040404040404
9181254,9183280,0.8977556109725686
9191663,9191782,0.9415204678362573
8591317,9223968,0.8950042337002541
8905811,9226055,0.88
7859181,9229770,0.8734177215189873
8905811,9234471,0.8571428571428571
9255168,9255476,0.9095022624434389
9283329,9282435,0.9615384615384616
9294898,9295059,0.8726851851851852
8905811,9344172,0.9041095890410958
8905811,9345623,0.9041095890410958
9272856,9345633,1.0
9272856,9354639,0.8571428571428571
8847796,9354720,0.8513513513513513
9272856,9354734,1.0
8855467,9347384,0.9555555555555556
9330620,9347406,0.9787234042553191
9359367,9359500,0.9400921658986175
9432307,9432320,0.9561200923787528
9463146,9463233,0.9468085106382979
8905811,9458634,0.9041095890410958
8847796,9458683,0.8513513513513513
8847796,9458687,0.8513513513513513
8847796,9468577,0.8513513513513513
9473418,9473529,0.9138134592680047
8905811,9477900,0.8918918918918919
9469461,9469490,0.8918918918918919
9469461,9469538,0.8918918918918919
9469461,9476872,0.8918918918918919
9468566,9477077,0.8589743589743589
9347406,9486568,0.8571428571428571
9302659,9487041,0.9659090909090909
8983187,9524173,0.9166666666666666
9523874,9524173,0.9041095890410958
9534928,9534954,0.9696969696969697
8695314,9545386,0.9647058823529412
9559585,9559588,0.8640776699029126
9559585,9559598,0.8599033816425121
9559585,9559704,0.905940594059406
9469461,9573682,0.9166666666666666
9468566,9573688,1.0
9606786,9607392,0.9064327485380117
9606786,9607752,0.9404761904761905
9469461,9610531,0.9295774647887324
9468566,9610655,0.868421052631579
9469461,9610659,0.9166666666666666
9469461,9610878,0.9571428571428572
9469461,9610883,0.9166666666666666
9469461,9610892,0.9295774647887324
9535325,9611553,0.8811881188118812
9636443,9636528,0.8571428571428571
9636443,9636905,0.8842105263157894
9469461,9632607,0.9166666666666666
9469461,9634013,0.9166666666666666
9524173,9634013,0.8533333333333334
9469461,9639634,0.9428571428571428
9651455,9652866,0.92
9469461,9642377,0.9295774647887324
8905811,9659795,0.8918918918918919
8905811,9659869,0.9041095890410958
9354720,9659909,0.8701298701298701
8847796,9660075,0.8513513513513513
9469461,9703492,0.9166666666666666
9468566,9703638,0.868421052631579
9469461,9715565,0.9041095890410958
9716220,9717773,0.8974358974358975
9717518,9721967,0.9365853658536586
9298567,9728370,0.9536178107606679
8905811,9741239,0.9857142857142858
8847796,9742402,0.863013698630137
8847796,9742934,0.863013698630137
7818799,9744168,0.8875
8847796,9750744,0.8513513513513513
8847796,9750789,0.8513513513513513
9087090,9752531,0.921875
9759995,9760201,0.9316939890710383
9776387,9776402,0.975609756097561
9774559,9777111,0.8662613981762918
9774559,9777112,0.906832298136646
9776267,9777112,0.851963746223565
9774559,9777463,0.9680511182108626
8905811,9777801,0.88
9774559,9778088,0.9
9773674,9769369,0.9638989169675091
9780289,9783447,0.9625850340136054
9087090,9808285,0.8939393939393939
9087090,9808554,0.9076923076923077
9087090,9808560,0.8676470588235294
9087090,9808561,0.8805970149253731
9087090,9843274,0.9076923076923077
9087090,9843564,0.8939393939393939
9229770,9846369,0.8860759493670886
9862413,9862651,0.9470899470899471
9861930,9863118,0.9239766081871345
9087090,9882063,0.8805970149253731
9871171,9872913,0.8823529411764706
9871171,9885647,0.9
9883888,9885647,0.8653846153846154
9885643,9885647,0.8653846153846154
9871171,9886382,0.8653846153846154
9871171,9886385,0.8823529411764706
9888657,9891390,0.9867256637168141
9871171,9892365,0.8653846153846154
9871171,9892431,0.8823529411764706
9871171,9892596,0.8823529411764706
9883378,9892596,0.9230769230769231
9892596,9896142,0.8545454545454545
9750863,9925400,0.9880952380952381
9871171,9932258,0.8823529411764706
9883888,9888306,1.0
9885647,9890942,0.8653846153846154
9871171,9896959,0.9
9899342,9903805,0.8677248677248677
9885647,9904547,0.8653846153846154
9903805,9906165,0.890625
9469461,9906270,0.9041095890410958
9885647,9920770,0.8653846153846154
9780289,9913790,0.9658703071672355
9871171,9917167,0.8653846153846154
9871171,9932464,0.8823529411764706
9885647,9940038,0.8653846153846154
9942234,9942444,0.9230452674897119
9942454,9942870,0.855164226355362
9942234,9946473,0.8756019261637239
9883888,9947758,1.0
9920770,9951086,0.8703703703703703
9883378,9951100,0.8571428571428571
9871171,9971675,0.8653846153846154
9872952,9971675,0.8909090909090909
9892596,9961933,0.8545454545454545
9871171,9962727,0.8653846153846154
9942307,9962727,0.9245283018867925
9883888,9983159,1.0
9871171,9983166,0.8823529411764706
9871171,9982218,0.8823529411764706
9983520,9983665,0.9683257918552036
9885647,9989650,0.8653846153846154
9871171,9990162,0.9
9871171,10001899,0.8823529411764706
9885647,9989681,0.8653846153846154
8905811,10002664,0.8918918918918919
10005862,10008442,0.8840579710144928
10005862,10009519,0.9104477611940298
8905811,10013820,0.9041095890410958
10012490,10015472,0.9389312977099237
10012490,10017113,0.9461538461538461
10012490,10021823,0.8978102189781022
10012490,10022925,0.9538461538461539
9885647,10031626,0.8653846153846154
9871171,10047435,0.8823529411764706
9885643,10048554,0.9423076923076923
10027978,10068492,0.9174757281553398
10038290,10039106,0.9886363636363636
9068571,10056647,0.8645833333333334
9347384,10056647,0.8526315789473684
9871171,10056650,0.9
10056583,10056719,0.8676470588235294
10051687,10055344,0.8924731182795699
9883888,10051150,1.0
9871171,10051367,0.8653846153846154
9871171,10060253,0.9795918367346939
9469461,10060520,0.9428571428571428
9468566,10060851,0.918918918918919
9883888,10080222,1.0
9871171,10080516,0.9
9871171,10091357,0.9375
9871171,10092041,0.8653846153846154
9871171,10083836,0.9
9892596,10083861,0.8545454545454545
9883888,10101247,1.0
9871171,10101683,0.8846153846153846
9782814,10105294,0.9117259552042161
9087090,10108277,0.9076923076923077
9087090,10108509,0.921875
9087090,10117515,0.953125
10117095,10119032,0.985781990521327
9087090,10119553,0.8939393939393939
10128430,10131657,0.9136690647482014
10131576,10131657,0.9305555555555556
9871171,10128943,0.8653846153846154
9871171,10132239,0.8653846153846154
9896959,10141086,0.9215686274509803
9871171,10142010,0.8823529411764706
9916077,10162684,0.9148936170212766
9872913,10163904,0.9230769230769231
9886382,10172347,0.9245283018867925
9942307,10189878,0.8571428571428571
9872913,10192341,0.9215686274509803
10031626,10195921,0.9056603773584906
10091357,10178475,0.8627450980392157
9883378,10178540,0.8703703703703703
10187989,10188058,0.9715909090909091
9885647,10189217,0.8653846153846154
9892596,10191440,0.8703703703703703
9872913,10195941,0.9230769230769231
9871171,10204994,0.8823529411764706
9871171,10205086,0.8653846153846154
9883378,10205137,0.8571428571428571
9917167,10209173,0.9245283018867925
9989378,10209173,0.9137931034482759
9780289,10215967,0.9169435215946844
10047435,10217928,0.9230769230769231
9780289,10221838,0.8827361563517915
9917167,10223228,0.9074074074074074
9883378,10217492,0.8727272727272727
9780289,10226651,0.9658703071672355
10047435,10227895,0.8518518518518519
9872913,10231684,0.8867924528301887
9892596,10232835,0.8867924528301887
9871171,10244936,0.9411764705882353
9995922,10246726,0.8823529411764706
10234109,10234324,0.88
10234303,10234324,0.9054054054054054
9871171,10261004,0.8653846153846154
9883888,10263308,0.8888888888888888
9087090,10266909,0.921875
9872952,10267494,0.8620689655172413
9920770,10268364,0.8703703703703703
9871171,10268706,0.8653846153846154
10266730,10270698,0.8611111111111112
10266730,10271473,0.8611111111111112
9871171,10272717,0.8823529411764706
9610655,10273026,0.9459459459459459
9468566,10273237,0.8918918918918919
10055929,10273237,0.868421052631579
9087090,10273542,0.8676470588235294
9951086,10288740,0.875
10278549,10278551,0.8956916099773242
10277291,10288403,0.9798387096774194
10005548,10285183,0.8721804511278195
8905811,10277657,0.9041095890410958
9468566,10277933,0.9178082191780822
9469461,10277933,0.8767123287671232
9469461,10278834,0.8767123287671232
9468566,10280324,0.8571428571428571
9523874,10280334,0.8533333333333334
10280334,10280336,0.8918918918918919
9524173,10280391,0.8533333333333334
10280334,10280419,0.8918918918918919
9469461,10300530,0.8767123287671232
9469461,10301011,0.9285714285714286
9469461,10289921,0.9295774647887324
9469461,10290433,0.9295774647887324
8905811,10291856,0.9041095890410958
9469461,10293115,0.9166666666666666
10319986,10321525,0.8985507246376812
9469461,10323183,0.9295774647887324
9469461,10315816,0.9166666666666666
10316163,10316174,0.945750452079566
9469461,10340291,0.8648648648648649
10241088,10343830,0.8764160659114315
10241088,10360101,0.945859872611465
10361719,10361731,0.8955223880597015
10367993,10372968,0.8529411764705882
10375530,10377539,0.9078014184397163
10375530,10377544,0.9078014184397163
9780289,10380759,0.9266666666666666
10380697,10380759,0.8770226537216829
9913790,10407208,0.8535031847133758
10164740,10409637,0.9341917024320457
10386866,10414332,0.8619201725997843
10427500,10427616,0.8544520547945206
10433756,10433827,0.8746438746438746
10459175,10459178,0.918918918918919
10459175,10459263,0.8521739130434782
10459175,10459414,0.8521739130434782
10475601,10480902,0.8717277486910995
9347538,10544822,0.8842105263157894
10518210,10533082,0.896551724137931
10518210,10533732,0.8666666666666667
10090882,10586899,0.9483568075117371
10605257,10605981,0.8774509803921569
10605257,10606039,0.9246231155778895
10604260,10606594,0.927461139896373
10622380,10622499,0.9230769230769231
10624858,10628836,0.9583333333333334
10124245,10627064,0.9547038327526133
10682936,10684266,0.8581560283687943
10694619,10694630,0.8732394366197183
10716902,10718260,0.902834008097166
10124245,10702964,0.958041958041958
10722708,10722710,0.9098360655737705
10722708,10722837,0.8739495798319328
9469461,10724060,0.875
9468566,10724360,0.9315068493150684
10737056,10738225,0.9066666666666666
10747998,10748034,0.9158878504672897
10581812,10778680,0.8817204301075269
10572510,10836290,0.9484536082474226
8838831,10860486,0.9263602251407129
10124245,10879998,0.9246575342465754
10124245,10881638,0.9115646258503401
10667878,10915099,0.8921694480102695
9020403,10947179,0.9124087591240876
10947179,10956639,0.900990099009901
10947179,10966717,0.855072463768116
10977053,10977082,0.9626436781609196
11005423,11008832,1.0
10744895,11016368,0.8717948717948718
11039032,11048792,0.9203187250996016
7677797,11078571,0.8645833333333334
10728965,11117868,0.8879668049792531
9436580,11136999,0.9
9087090,11123471,0.8805970149253731
9087090,11123667,0.8939393939393939
11142956,11143180,0.9652777777777778
11130600,11146296,0.9128787878787878
11142956,11146296,0.8641114982578397
11032273,11164297,0.9056603773584906
11162082,11167761,0.9386503067484663
11167731,11169466,0.9939503932244405
10124245,11173404,0.9246575342465754
11159892,11170670,0.9442896935933147
11159892,11171192,0.9576271186440678
9087090,11180576,0.9076923076923077
9087090,11184488,0.8805970149253731
11220423,11222256,0.9316546762589928
11099182,11273157,0.8541666666666666
11265984,11266741,0.8947368421052632
11265984,11266860,0.8947368421052632
11259783,11260069,0.9060773480662984
11281163,11282214,0.8651911468812877
11287246,11287330,0.905511811023622
11306013,11306136,0.8598726114649682
10638346,11310871,0.9364406779661016
11326981,11327603,0.9473684210526315
11326981,11330193,0.9315789473684211
11173578,11331156,0.9563318777292577
11349418,11353078,0.9597701149425287
11332236,11357097,0.8913043478260869
11357256,11357360,0.9
11332236,11373879,0.8913043478260869
11306282,11374884,0.8901098901098901
11362316,11362626,0.8984771573604061
11381998,11382159,0.863013698630137
11357256,11384026,0.8925619834710744
11357256,11384046,0.9
11357256,11385613,0.8780487804878049
11384046,11385626,0.860655737704918
11357256,11385836,0.8925619834710744
11357256,11385840,0.864
11385626,11387376,0.8770491803278688
7889528,11390048,0.8791208791208791
9127206,11394721,0.8602150537634409
11357256,11414175,0.8699186991869918
11357256,11415699,0.8709677419354839
11357256,11417682,0.8536585365853658
11357360,11418250,0.8512396694214877
11418454,11418692,0.9655172413793104
11414175,11419532,0.8524590163934426
11425620,11425904,0.9222462203023758
11357256,11433065,0.8780487804878049
11449750,11453307,0.9261213720316622
11384046,11459886,0.9137931034482759
11434147,11459886,0.9203539823008849
8081027,11473432,0.8518518518518519
11417381,11474477,0.8974358974358975
11417682,11474477,0.8512396694214877
11414175,11474657,0.9016393442622951
11384046,11480151,0.8677685950413223
11357360,11480860,0.8813559322033898
11385448,11481097,0.8956521739130435
11489078,11490221,0.9241706161137441
11414175,11490756,0.860655737704918
10966539,11504067,0.9801488833746899
11459886,11509594,0.9122807017543859
11516549,11538716,0.9090909090909091
11434147,11554927,0.8782608695652174
11414175,11556777,0.8536585365853658
11480855,11556777,0.8536585365853658
11357256,11532193,0.8688524590163934
11433704,11532193,0.9230769230769231
11418250,11532266,0.9217391304347826
11473951,11532290,0.8991596638655462
11357256,11566191,0.8925619834710744
11418250,11566230,0.8907563025210085
11402273,11579498,0.9122807017543859
11417381,11583822,0.8728813559322034
11495723,11567125,0.9052631578947369
11654439,11656124,0.9235294117647059
11385836,11670861,0.875
11145354,11635694,0.8797814207650273
11473941,11639173,0.9230769230769231
11434147,11639307,0.8859649122807017
11385580,11640090,0.860655737704918
11414175,11640090,0.8688524590163934
11418487,11641024,0.9203539823008849
11145354,11591658,0.8633879781420765
11579424,11596576,0.8512396694214877
11480860,11626375,0.9043478260869565
11385448,11627111,0.9122807017543859
11532266,11628097,0.85
11145354,11628640,0.8540540540540541
11145354,11629269,0.8540540540540541
11628860,11629485,0.900709219858156
11145354,11629495,0.9714285714285714
11628860,11629852,0.9214285714285714
11145354,11634097,0.8540540540540541
11429176,11592869,0.9203539823008849
11686130,11692357,0.9473684210526315
8151693,11753674,0.8728323699421965
10714030,11699468,0.9390243902439024
11699672,11768606,0.8952879581151832
11810358,11811640,0.8802816901408451
11647617,11816279,0.8524945770065075
11806441,11816795,0.9512195121951219
11079868,11822721,1.0
11557156,11825987,0.8717948717948718
11826214,11826481,0.9852941176470589
11854563,11855358,1.0
11889674,11889756,0.891566265060241
8539674,11890445,0.9318181818181818
11815217,11892964,0.8541666666666666
11155668,11909374,0.8637873754152824
11907085,11911620,0.89419795221843
11908006,11906842,0.8897058823529411
11964833,11964877,0.9323116219667944
11964877,11965501,0.8621951219512195
11971808,11972369,1.0
11974725,11974983,0.918918918918919
11979679,11979784,0.8870967741935484
12019003,12019574,0.8888888888888888
12040456,12063290,0.926829268292683
10613169,12040669,0.8736842105263158
12102779,12108502,0.8514851485148515
12108706,12108770,0.8775510204081632
12131276,12131398,0.9745762711864406
12131276,12131735,0.8787061994609164
12197773,12217161,0.9359605911330049
12231371,12231424,0.9139344262295082
12253102,12257061,0.9779735682819384
12253102,12257212,0.9779735682819384
12349755,12349830,0.8590102707749766
12349755,12350153,0.9500489715964741
12375864,12376121,0.911504424778761
12378783,12378801,0.9390243902439024
12378783,12378958,0.9133858267716536
11516549,12392892,0.95
12438245,12437978,0.92
12438648,12452773,0.927007299270073
12458233,12458446,0.9488372093023256
12485514,12485767,0.9771986970684039
12485514,12486844,0.9868421052631579
12485514,12487748,0.9771986970684039
12491306,12491468,0.8627450980392157
12494051,12500427,0.9227799227799228
12494051,12501393,0.9227799227799228
12503869,12503926,0.8832684824902723
12503869,12503937,0.8538461538461538
12544120,12544260,0.9539473684210527
12586519,12587633,0.9603174603174603
12698634,12701249,0.9697802197802198
12720140,12720373,0.875968992248062
11247058,12730266,0.9
7889528,12753080,0.8586956521739131
12280404,12771444,0.8928571428571429
12783251,12783469,0.9
12830201,12830636,0.927007299270073
12837390,12837402,0.8795180722891566
12874155,12874350,0.9483870967741935
12935910,12941956,0.9074550128534704
12935712,12945630,0.8502415458937198
12935910,12951107,0.9051282051282051
12951990,12952535,0.8900343642611683
12953158,12953191,0.9430379746835443
12957617,12957700,0.8795180722891566
12957617,12957950,0.9150326797385621
12962436,12962527,0.9370629370629371
12965498,12965634,0.9752066115702479
12974060,12974094,0.862992125984252
13017561,13022511,0.9539170506912442
13056141,13057068,0.8756476683937824
13064490,13069095,0.874496257915947
13080596,13081204,0.9909638554216867
13148334,13148697,0.9130434782608695
13195581,13196870,0.8924050632911392
13203161,13203853,0.9710144927536232
13180288,13244078,0.9236111111111112
13148502,13325743,0.8947368421052632
13333274,13334819,0.908695652173913
10879439,13374584,0.925531914893617
13387145,13396818,0.8849557522123894
13458132,13458159,0.9767441860465116
13467111,13467653,0.9705449189985272
13457451,13522187,0.8888888888888888
13506184,13506725,0.852760736196319
13478647,13548830,0.8636363636363636
13654351,13655107,0.9209039548022598
13690573,13692895,0.9046052631578947
13690739,13692895,0.8585209003215434
13696308,13696365,0.9294871794871795
13707351,13708169,0.8742690058479532
13707351,13708254,0.9221556886227545
13707351,13708283,0.9307228915662651
13707351,13708292,0.9020771513353115
13360508,13738227,0.9425287356321839
13849383,13850460,0.9349593495934959
13487725,13909788,0.8979057591623036
11355130,13910397,0.8727272727272727
13989123,13992236,0.9008620689655172
13992850,13992856,0.8590425531914894
12199882,14035988,0.8721590909090909
13360508,14067786,1.0
14124378,14125037,0.8883720930232558
14178927,14179421,0.8678571428571429
9122302,14179972,0.855072463768116
14218745,14220298,0.9698795180722891
14218745,14221397,0.9262536873156342
14207453,14208531,0.8802816901408451
9122302,14211062,0.9393939393939394
14336333,14336622,0.8547008547008547
14336333,14336876,0.8547008547008547
14336622,14338748,0.9074074074074074
14336622,14340494,0.8620689655172413
14336622,14341166,0.8620689655172413
11098316,14343271,0.8645833333333334
14324241,14324245,0.884020618556701
14328281,14328485,0.8961038961038961
14328638,14328700,0.8983050847457628
14328638,14328802,0.9098712446351931
14328618,14328954,0.8577405857740585
14328638,14328954,0.8879310344827587
14349064,14349483,0.9052631578947369
7889528,14357078,0.8586956521739131
14368162,14368607,0.9877551020408163
14370081,14370583,0.9453125
14385489,14404887,0.9047619047619048
14218745,14436067,0.8904899135446686
14218745,14445965,0.9582089552238806
14218745,14447735,0.8850574712643678
14479675,14480505,0.8668076109936576
14484226,14485064,0.905511811023622
13692663,14494226,0.9483204134366925
14407849,14508587,0.9523809523809523
9469461,14564817,0.9428571428571428
14567871,14568120,0.9032258064516129
13360508,14595268,1.0
14636356,14643929,0.8533333333333334
14663986,14684385,0.9085714285714286
9469461,14705062,0.8783783783783784
14740388,14741555,0.9137931034482759
14336622,14803009,0.8869565217391304
14336622,14805113,0.9904761904761905
14336622,14805652,0.8813559322033898
14805652,14805976,0.9186991869918699
14679291,14834282,0.865296803652968
14876174,14883191,0.891640866873065
14895692,14903295,0.8867521367521367
14454723,14944028,0.8922413793103449
8651289,14969353,0.8507462686567164
8674109,14969353,0.8507462686567164
14969848,14970193,0.9554455445544554
14336622,14994033,0.9541284403669725
14336622,14995497,0.9904761904761905
15016412,15016909,1.0
14963414,15015372,0.9753086419753086
15089873,15093268,1.0
15111220,15114990,0.9818181818181818
15090228,15119702,0.8656716417910447
15061062,15109364,0.9217391304347826
14336622,15133310,0.868421052631579
15061062,15147912,0.9210526315789473
14679291,15148536,0.8738532110091743
15090228,15149661,1.0
15109242,15154264,0.95
14336622,15156236,0.8928571428571429
14460430,15156236,0.9224137931034483
14762457,15156236,0.8947368421052632
14336622,15162729,0.8632478632478633
14336333,15162841,0.8547008547008547
14336333,15166507,0.8524590163934426
15090228,15215916,1.0
15176199,15221586,0.8532934131736527
15224689,15247810,0.875
15253727,15254020,0.9312977099236641
15253727,15272206,0.8951310861423221
15253727,15279515,0.9239543726235742
15253727,15279551,0.8951310861423221
15253727,15282455,0.8602941176470589
15253727,15283136,0.9612403100775194
15253727,15278038,0.8917910447761194
15276686,15318522,0.9367816091954023
15276686,15318684,0.9261363636363636
15253727,15304064,0.8951310861423221
15253727,15304776,0.8951310861423221
15326730,15327501,0.8608695652173913
15253727,15360760,0.8951310861423221
15253727,15361572,0.8880597014925373
15370915,15372791,0.8800675675675675
15359429,15386381,0.9152542372881356
15395136,15413878,0.8529411764705882
15253727,15396950,0.9612403100775194
15419617,15419805,0.9130434782608695
15253727,15428025,0.8534798534798534
15450747,15451296,0.9945054945054945
15253727,15459411,0.8602941176470589
13360508,15475285,0.9302325581395349
15276686,15488062,0.9314285714285714
15276686,15488329,0.9425287356321839
14336622,15524137,0.8782608695652174
14336622,15527408,0.9035087719298246
14336622,15528230,0.8956521739130435
14381874,15530367,0.8776978417266187
15253727,15534952,0.8602941176470589
14336622,15542394,0.865546218487395
14336622,15548691,0.9279279279279279
10124245,15568270,0.9013605442176871
8627023,15577273,0.9021739130434783
7677797,15577373,0.9887640449438202
8331769,15578102,0.9666666666666667
15596192,15627092,0.8709677419354839
15493137,15658510,0.8787878787878788
14460430,15665404,0.8650793650793651
14336622,15667054,0.864406779661017
14762457,15667358,0.860655737704918
14415895,15683832,0.9029345372460497
14336622,15720489,0.9904761904761905
15718544,15721492,0.8811188811188811
14336622,15722267,0.8990825688073395
15723005,15732137,0.8571428571428571
15763746,15763830,0.8956228956228957
13360508,15772970,0.9325842696629213
15777717,15777806,0.88
15789428,15806009,0.8918918918918919
15254020,15782245,0.8880597014925373
15351800,15826263,0.9612403100775194
15253727,15826379,0.9536679536679536
15351800,15832432,0.9201520912547528
15253727,15855466,0.8777777777777778
15855198,15855704,0.8536585365853658
15855296,15855704,0.8765432098765432
15253727,15835347,0.9386973180076629
15253727,15862081,0.9022556390977443
15282455,15865345,0.8740740740740741
15253727,15862834,0.8602941176470589
15254020,15865012,0.8880597014925373
15419617,15889595,0.9545454545454546
15006697,15907429,0.8875
15925683,15925959,0.8669354838709677
15925683,15926807,0.8704453441295547
15925683,15926919,0.8669354838709677
15925683,15927156,0.8704453441295547
15940740,15940963,0.9285714285714286
15925683,15951450,0.8734693877551021
15925683,15951994,0.8811475409836066
15926832,15952520,0.8790697674418605
15926832,15952569,0.8669724770642202
15925683,18585185,0.8704453441295547
15925683,15933748,0.8669354838709677
15925959,15933797,0.8641975308641975
15925683,15934638,0.8739837398373984
15925683,15934874,0.8634538152610441
14460430,15960650,0.8503937007874016
15959673,15961860,0.8978723404255319
15959673,15962068,0.9102564102564102
15961687,15962068,0.9224137931034483
15959673,15962240,0.9102564102564102
15961414,15963333,0.9224137931034483
15959673,15963475,0.8978723404255319
15959673,15963665,0.9102564102564102
15534952,15964663,0.8602941176470589
15925683,15966404,0.8739837398373984
15925683,15967322,0.8884297520661157
15925683,15968711,0.8739837398373984
15959673,15969030,0.9823788546255506
14336622,15975949,0.8956521739130435
14336333,15977565,0.8547008547008547
14336622,15983999,0.8947368421052632
14340494,15984438,0.8688524590163934
15925959,15971042,0.854251012145749
15253727,15988497,0.8571428571428571
15925959,15989906,0.8577235772357723
15991570,15992886,0.85
15925959,16008966,0.9194915254237288
15925683,16011580,0.8811475409836066
15959673,16027177,0.8744769874476988
15959673,16027279,0.9778761061946902
15959673,16030445,0.935064935064935
15959673,16032249,0.8702928870292888
15959673,16035021,0.8978723404255319
15925683,16035588,0.86
15925683,16036095,0.8975409836065574
15925959,16037794,0.8704453441295547
15925683,16038253,0.8623481781376519
16010911,16039051,0.926829268292683
15925959,16014081,0.8724279835390947
16013696,16014081,0.8524590163934426
15253727,16014563,0.8951310861423221
15967942,16039729,0.8713450292397661
15925683,16040187,0.8502024291497976
15925959,16062431,0.8704453441295547
15925683,16062918,0.8811475409836066
15925959,16063985,0.8641975308641975
15925683,18569782,0.8617886178861789
15925959,16081998,0.8641975308641975
15925959,16082424,0.8713692946058091
15967942,16083301,0.9221556886227545
15925959,16083465,0.8571428571428571
15925959,16084529,0.8641975308641975
15925683,16085041,0.9330543933054394
15925683,16085508,0.8739837398373984
15925959,16085805,0.8641975308641975
15925683,16093020,0.8536585365853658
15925959,16110625,0.8713692946058091
14336333,16124296,0.923728813559322
15925959,16094766,0.8571428571428571
15925959,16096164,0.8641975308641975
15253727,16097078,0.9132075471698113
16141779,16141848,0.934589800443459
16141779,16147828,0.9183895538628944
15090228,16158003,0.8548387096774194
15925683,16161963,0.8536585365853658
15925959,16162029,0.8677685950413223
15968711,16162072,0.8636363636363636
16008966,16162619,0.8502024291497976
15925683,16163134,0.8536585365853658
15925959,16163171,0.8713692946058091
15925683,16139843,0.8770491803278688
15925959,16144526,0.860655737704918
16095485,16144526,0.8925619834710744
15925959,16144588,0.8508064516129032
15925959,16165333,0.8713692946058091
16141779,16171716,0.9598214285714286
15925959,16185221,0.8713692946058091
15925959,16185522,0.8536585365853658
16039729,16185540,0.8705882352941177
15925959,16185635,0.8641975308641975
15925959,16186590,0.8502024291497976
15925959,16186835,0.871900826446281
15925959,16186906,0.8536585365853658
15975847,16186952,0.8786127167630058
15925959,16187121,0.8502024291497976
15925959,16189608,0.8565573770491803
15925683,18146121,0.8811475409836066
15925959,16190850,0.8641975308641975
15967942,16191075,0.8888888888888888
15970844,16191075,0.8620689655172413
15967942,16191168,0.8771929824561403
15925959,16191842,0.9439655172413793
15925959,16192023,0.8713692946058091
15925959,16193631,0.8713692946058091
15925959,16193645,0.8641975308641975
15925959,16194402,0.8713692946058091
16198116,16199452,0.8650793650793651
15925959,16208581,0.8755186721991701
15925959,16208599,0.8713692946058091
15925959,16208918,0.8713692946058091
15933797,16209369,0.8865546218487395
15925959,16210045,0.8600823045267489
15925959,16210229,0.8571428571428571
15951450,16210342,0.8565573770491803
15925959,16210411,0.8571428571428571
15925959,16211217,0.8647540983606558
15925959,16211478,0.8713692946058091
15330134,16228596,0.88
16228302,16229306,0.9509803921568627
15925959,16229616,0.8713692946058091
15925959,16227480,0.8502024291497976
15925959,16232216,0.8713692946058091
16226666,16232794,0.8539325842696629
15967942,16232817,0.9631901840490797
16245631,16245850,0.8818181818181818
16228596,16246756,0.9591836734693877
16246475,16246886,0.8661971830985915
16246886,16247402,0.924812030075188
15925959,16248721,0.8536585365853658
15967322,16249269,0.8713692946058091
15925959,16249706,0.8559670781893004
15933797,16249707,0.8755186721991701
16211154,16250560,0.9447852760736196
15933797,16250600,0.8683127572016461
16010818,16250974,0.9506172839506173
15933797,16251040,0.871900826446281
15926807,16251365,0.8518518518518519
15925683,16251774,0.91701244813278
15925683,16256214,0.8536585365853658
15925959,16233928,0.8641975308641975
15925683,16234104,0.8669354838709677
16038253,16256361,0.8921161825726142
16010818,16256790,0.8764705882352941
16038253,16275165,0.8600823045267489
15925959,16276031,0.8571428571428571
15925959,16276598,0.8755186721991701
15933797,16278665,0.8708333333333333
16261787,16282586,0.8710801393728222
16040187,16279845,0.8577405857740585
15925959,16288084,0.8683127572016461
14019033,16289253,0.9313893653516295
15925683,16310267,0.8536585365853658
15253727,16286549,0.8602941176470589
16286540,16287861,0.9040404040404041
16286540,16303818,0.8994974874371859
15851303,16314819,1.0
16286540,16334573,0.8647342995169082
16286540,16312981,0.8994974874371859
16286540,16312987,0.8817733990147784
16286540,16335345,0.8592233009708737
16286540,16337212,0.8861386138613861
16023668,16350474,0.9137931034482759
16286540,16358510,0.8905472636815921
16301582,16358728,0.8557692307692307
16286540,16358728,0.8861386138613861
15925959,16373085,0.8641975308641975
15925683,16374505,0.8502024291497976
16286540,16371815,0.8905472636815921
16286540,16372443,0.8774509803921569
16301582,16372559,0.8557692307692307
14338748,16388218,0.9065420560747663
14336622,16388437,0.9074074074074074
14336622,16389192,0.8596491228070176
16394350,16395088,0.9331103678929766
16301582,16396847,0.8823529411764706
16285454,16396847,0.8634146341463415
16286540,16399610,0.895
16286540,16399691,0.8905472636815921
16285454,16403154,0.8676470588235294
16301582,16403517,0.8695652173913043
16286540,16403538,0.9040404040404041
16286540,16403557,0.895
16286540,16403828,0.8762376237623762
16286540,16403865,0.8817733990147784
16417740,16419787,0.8842975206611571
16301582,16427321,0.8823529411764706
16285454,16427743,0.9117647058823529
16383485,16428299,0.8910891089108911
16301582,16428448,0.8823529411764706
16301582,16429113,0.861244019138756
16301582,16429391,0.8737864077669902
16301582,16430856,0.9019607843137255
16301582,16432160,0.8737864077669902
16301582,16432267,0.8823529411764706
16301582,16432430,0.8737864077669902
16301582,16432462,0.8737864077669902
8811649,16440290,0.8507462686567164
15925683,16456212,0.8770491803278688
16301582,16457161,0.8502415458937198
16396847,16457735,0.8669950738916257
16286540,16461347,0.8774509803921569
16301582,16462204,0.8737864077669902
16301582,16466596,0.8737864077669902
16301582,16466603,0.8780487804878049
16383485,16468331,0.8910891089108911
16301582,16481423,0.8823529411764706
16286540,16483775,0.8817733990147784
16301582,16463064,0.8640776699029126
16286540,16487965,0.8647342995169082
16286540,16489993,0.8905472636815921
16464694,16490173,0.896551724137931
15925683,16512048,0.8502024291497976
16488403,16512819,0.9236641221374046
16301582,16512952,0.8823529411764706
16301582,16512967,0.92
16286540,16525660,0.8817733990147784
16526939,16526991,0.864321608040201
16286540,16554216,0.8731707317073171
16545735,16555800,0.9685534591194969
16301582,17975990,0.8653846153846154
16568209,16572122,1.0
16530074,16574341,0.8941908713692946
16643305,16653500,0.8689320388349514
16643305,16654611,0.8731707317073171
16712743,16722811,0.9661016949152542
15925959,16758735,0.8641975308641975
15926807,16759385,0.8530612244897959
15925959,16759905,0.9279661016949152
15925959,16760742,0.8502024291497976
18123528,18126265,0.907103825136612
14336622,16770028,0.9444444444444444
16388218,16774220,0.8828828828828829
16773970,16774478,0.8529411764705882
14336333,16777347,0.8547008547008547
14336622,16779512,0.9074074074074074
16774478,18149290,0.8627450980392157
16767456,16819524,0.8878281622911695
7948173,16824467,0.9056603773584906
16286540,16823287,0.8994974874371859
16301582,16824461,0.8682926829268293
14336333,16839428,0.864406779661017
14336622,16841380,0.926605504587156
14336333,16887840,0.8571428571428571
14336333,16896600,0.8547008547008547
16895240,16899624,0.8717948717948718
16895240,16901054,0.85
16895240,16901528,0.8607594936708861
16889975,16891730,0.9459459459459459
16894396,16915747,0.8678414096916299
14336333,16920440,0.8547008547008547
16781097,16947712,0.9240196078431373
16948090,16949988,0.8666666666666667
16939204,16957271,0.9727272727272728
15397793,16969644,0.884
16991968,16993340,0.8878504672897196
16987361,16993372,0.8823529411764706
16285454,16996460,0.8829268292682927
16991129,16997248,0.8584615384615385
12368999,17022490,0.9032258064516129
16888449,17044918,0.8666666666666667
17114382,17114480,0.8922914466737064
16715892,17132424,0.9095744680851063
17164977,17168560,0.8571428571428571
15090228,17173365,0.8688524590163934
16160725,17173365,0.8548387096774194
17196493,17198394,0.8651162790697674
17185591,17204338,0.9381443298969072
17185591,17210463,0.9270833333333334
17185591,17223631,0.9081632653061225
17185591,17226726,0.9270833333333334
17232307,17254142,0.8676923076923077
15660149,17257125,0.8571428571428571
13360508,17283296,0.963855421686747
16993340,17294965,0.9065420560747663
17173365,17331032,0.8548387096774194
16285454,17341986,0.8585365853658536
17333620,17343537,0.9110251450676983
17318172,17373442,0.8549222797927462
17403406,17425564,0.9509803921568627
15090228,17407245,0.9344262295081968
19778002,17407267,0.8775510204081632
17352306,17485657,0.8757062146892656
17979517,17931183,0.8689655172413793
17515556,17931678,0.8571428571428571
14218745,17565306,0.8514285714285714
17565306,17584962,0.8968481375358166
14220298,17585172,0.8583569405099151
18003224,18074136,0.8584474885844748
14336622,17753970,0.8695652173913043
15744132,18003181,0.9296636085626911
18145562,18145682,0.9647887323943662
17938262,18172163,0.8717948717948718
17764336,17764453,0.8958333333333334
17814922,17814979,0.8533260632497274
17814922,17815015,0.895413870246085
17883805,18031912,0.9144385026737968
18141026,18141185,0.867595818815331
18155014,18232507,0.9270833333333334
18155014,18233630,0.9468085106382979
17185591,18261518,0.9175257731958762
18325947,18325996,0.8608695652173913
18155014,18354669,0.9368421052631579
17185591,18388986,0.9175257731958762
16160725,18423571,0.8676470588235294
15950672,18451827,0.9578947368421052
18523596,18523638,0.8571428571428571
18523596,18523756,0.8571428571428571
16158003,18532810,0.8548387096774194
18598557,18599628,0.8788546255506607
18639393,18639817,0.8509615384615384
18697693,18698137,0.8910891089108911
18870846,18871579,0.8952380952380953
18890510,18894256,0.8611111111111112
18913764,18914304,0.9482758620689655
18931317,18932105,0.850187265917603
18946792,18947346,0.9537037037037037
16751649,18959706,0.9396551724137931
18982800,19130461,1.0
19173998,19174044,0.8985507246376812
19173998,19174097,0.8637992831541219
19337311,19337353,0.8857142857142857
18894256,19577758,0.9420289855072463
19022925,19577828,0.9393939393939394
17991834,19692442,0.8974358974358975
18894256,19727045,0.8888888888888888
19788236,19792783,0.8724279835390947
16158003,19796173,0.8524590163934426
19886482,19886653,0.8662420382165605
19911818,19919518,0.9156626506024096
20137741,20138067,0.9186991869918699
20157310,20157355,0.9685534591194969
20175175,20175630,0.9080459770114943
20358910,20359049,0.9365853658536586
20804325,20804504,0.9540816326530612
20969469,20969534,0.9
20969469,20969634,0.9343065693430657
20969534,20969690,0.927536231884058
20984660,20985223,0.9439252336448598
20999362,20999421,0.8611111111111112
21033527,21033663,0.8947368421052632
13603343,21063732,0.9166666666666666
15090228,21130070,1.0
15090228,21151378,0.9508196721311475
21206420,21206649,0.8924731182795699
21290250,21291307,0.8666666666666667
21291490,21291665,0.8841940532081377
21293149,21293278,0.8765432098765432
21293149,21293483,0.9240506329113924
21385204,21385230,0.916030534351145
21432067,21432234,0.9292929292929293
21432067,21432333,0.9108910891089109
21465903,21466032,0.9411764705882353
21523036,21538166,0.8772455089820359
21523036,21540008,0.8878787878787879
21573845,21574255,0.9797297297297297
21549133,21605778,0.9032258064516129
21549234,21605778,0.8620689655172413
21607870,21608032,0.9519230769230769
21658278,21670517,0.9506172839506173
21695495,21695577,1.0
21695495,21695759,1.0
21695495,21695839,0.9172413793103448
21731379,21731617,0.9453551912568307
21740583,21741090,0.88
21741930,21742059,0.90625
21742059,21742553,0.8775510204081632
21838468,21838519,0.946236559139785
21962583,21962703,0.9317269076305221
19119877,22111235,0.9693877551020408
22241053,22242536,0.8625235404896422
22330814,22330983,0.9485981308411215
22401171,22401484,0.9285714285714286
13603343,22589778,0.9166666666666666
22579384,22591016,0.9530201342281879
22623866,22624542,0.9285714285714286
22367345,22715724,0.9444444444444444
22756334,22756400,0.9425287356321839
22771209,22771357,0.8823529411764706
21658278,22967375,0.8837209302325582
22967459,22967478,0.9568965517241379
22967459,22967513,0.9152542372881356
9191358,22974671,0.8971428571428571
21118834,23077709,0.8904109589041096
22242995,23203629,0.8660220994475138
23286018,23286120,0.8561643835616438
23286018,23286294,0.9219858156028369
23286018,23286723,0.8992805755395683
23461622,23461788,0.9425287356321839
23828405,23829322,1.0
23977191,23977567,0.8571428571428571
23981842,23982174,0.9176470588235294
23987975,23991413,1.0
23987975,24004518,0.8892128279883382
24121748,24121886,0.8914956011730205
24154160,24154472,0.9341085271317829
19084930,24159373,0.9584199584199584
