quarter,total_records,nonempty_narratives,debt_records,debt_narratives,credit_card_records,credit_card_narratives,narrative_fraction,debt_narrative_fraction
2023Q3,112887,42517,5298,2679,4918,3175,0.3766332704385802,0.5056625141562854
2023Q4,353851,123094,17153,9101,15739,8942,0.3478695835252691,0.5305777415029441
2024Q1,478794,153193,28301,15116,16318,9292,0.3199559727147792,0.5341154022826049
2024Q2,607249,203483,36437,19597,18971,9857,0.33508988899117165,0.5378324230864231
2024Q3,761291,223109,41795,17201,20732,8007,0.2930666460000184,0.41155640626869244
2024Q4,886935,234600,49361,18377,19968,8295,0.2645064181704409,0.37229796803144183
2025Q1,1207992,370569,61231,22959,21541,9929,0.3067644487711839,0.3749571295585569
2025Q2,1233443,324615,64123,26848,21776,9747,0.26317794985256715,0.41869531993200565
2025Q3,1472611,316064,77314,30102,24528,11623,0.2146283030617047,0.3893473368342086
2025Q4,1528918,210802,80536,20700,22133,10217,0.13787658984981535,0.2570279129830138
2026Q1,1653328,55991,92081,20015,25242,9133,0.033865633437527215,0.21736297390341114
2026Q2,1859027,55400,83657,17463,23601,9480,0.0298005354413895,0.20874523351303537
2026Q3,1339176,10003,45047,2727,16023,1822,0.0074695185696278905,0.06053677270406464
