date,total_records,nonempty_narratives,debt_records,debt_narratives,credit_card_records,credit_card_narratives,narrative_fraction,debt_narrative_fraction
2023-09-01,4098,1717,173,93,178,134,0.41898487066861884,0.5375722543352601
2023-09-02,2284,863,109,62,95,51,0.37784588441330996,0.5688073394495413
2023-09-03,1747,601,85,47,57,39,0.3440183171150544,0.5529411764705883
2023-09-04,2870,1081,158,81,82,46,0.3766550522648084,0.5126582278481012
2023-09-05,4702,1773,229,120,219,129,0.37707358570820926,0.5240174672489083
2023-09-06,4771,1891,234,115,235,150,0.39635296583525464,0.49145299145299143
2023-09-07,4487,1645,194,110,185,126,0.3666146645865835,0.5670103092783505
2023-09-08,4287,1746,204,125,232,157,0.4072778166550035,0.6127450980392157
2023-09-09,2350,910,132,69,101,71,0.3872340425531915,0.5227272727272727
2023-09-10,2100,659,117,60,67,49,0.3138095238095238,0.5128205128205128
2023-09-11,3900,1427,188,92,164,100,0.3658974358974359,0.48936170212765956
2023-09-12,4674,1672,213,92,221,130,0.35772357723577236,0.431924882629108
2023-09-13,4806,1850,219,99,197,131,0.38493549729504783,0.4520547945205479
2023-09-14,4774,1883,219,106,230,155,0.3944281524926686,0.4840182648401826
2023-09-15,4322,1778,173,79,209,138,0.4113836186950486,0.45664739884393063
2023-09-16,2231,851,105,49,111,75,0.38144329896907214,0.4666666666666667
2023-09-17,1706,664,105,60,75,46,0.3892145369284877,0.5714285714285714
2023-09-18,4236,1538,205,104,188,99,0.3630783758262512,0.5073170731707317
2023-09-19,4664,1735,206,116,227,162,0.37199828473413377,0.5631067961165048
2023-09-20,5161,1912,247,103,212,136,0.3704708389846929,0.41700404858299595
2023-09-21,4913,1854,220,114,221,138,0.37736617138204764,0.5181818181818182
2023-09-22,4536,1705,188,96,213,147,0.3758818342151676,0.5106382978723404
2023-09-23,2270,871,105,52,84,57,0.38370044052863433,0.49523809523809526
2023-09-24,1664,606,98,45,55,34,0.3641826923076923,0.45918367346938777
2023-09-25,4364,1620,224,119,179,111,0.3712190650779102,0.53125
2023-09-26,4951,1864,206,102,213,139,0.3764895980609978,0.49514563106796117
2023-09-27,4697,1776,225,108,232,161,0.3781136895890994,0.48
2023-09-28,4596,1565,212,115,170,106,0.34051348999129677,0.5424528301886793
2023-09-29,4579,1685,191,98,176,102,0.3679842760428041,0.5130890052356021
2023-09-30,2147,775,114,48,90,56,0.3609687936655799,0.42105263157894735
2023-10-01,1849,681,102,55,64,36,0.3683071930773391,0.5392156862745098
2023-10-02,4290,1588,189,92,133,78,0.3701631701631702,0.48677248677248675
2023-10-03,4776,1949,235,128,205,129,0.4080820770519263,0.5446808510638298
2023-10-04,4975,1898,244,115,236,135,0.3815075376884422,0.4713114754098361
2023-10-05,4894,1696,217,96,227,137,0.34654679199019206,0.4423963133640553
2023-10-06,4622,1872,220,146,203,129,0.40501947209000433,0.6636363636363637
2023-10-07,2652,990,114,80,94,70,0.3733031674208145,0.7017543859649122
2023-10-08,1672,497,100,55,78,52,0.2972488038277512,0.55
2023-10-09,3960,1509,180,99,211,111,0.38106060606060604,0.55
2023-10-10,4936,1801,204,91,232,134,0.364870340356564,0.44607843137254904
2023-10-11,5021,1894,194,109,265,148,0.3772156940848437,0.5618556701030928
2023-10-12,4885,1686,187,98,269,157,0.3451381780962129,0.5240641711229946
2023-10-13,4365,1552,216,105,197,117,0.35555555555555557,0.4861111111111111
2023-10-14,2230,784,112,56,102,65,0.3515695067264574,0.5
2023-10-15,1829,695,111,62,87,53,0.3799890650628759,0.5585585585585585
2023-10-16,4386,1655,195,102,189,94,0.37733698130414955,0.5230769230769231
2023-10-17,4753,1896,239,120,278,167,0.398905954134231,0.502092050209205
2023-10-18,4888,1867,236,134,237,136,0.3819558101472995,0.5677966101694916
2023-10-19,4739,1857,189,86,246,145,0.39185482169234015,0.455026455026455
2023-10-20,4472,1778,188,98,202,106,0.39758497316636854,0.5212765957446809
2023-10-21,2113,779,100,54,101,55,0.36867013724562236,0.54
2023-10-22,1638,509,103,52,83,45,0.31074481074481075,0.5048543689320388
2023-10-23,4188,1511,209,101,233,150,0.360792741165234,0.48325358851674644
2023-10-24,4634,1708,228,105,287,186,0.3685800604229607,0.4605263157894737
2023-10-25,4494,1517,215,95,214,118,0.33756119270137963,0.4418604651162791
2023-10-26,4471,1496,214,92,250,146,0.33460076045627374,0.42990654205607476
2023-10-27,4076,1442,159,86,203,123,0.3537782139352306,0.5408805031446541
2023-10-28,1883,713,99,44,108,64,0.3786510886882634,0.4444444444444444
2023-10-29,1791,684,93,43,85,50,0.38190954773869346,0.46236559139784944
2023-10-30,3730,1422,170,79,220,145,0.38123324396782843,0.4647058823529412
2023-10-31,4208,1423,188,96,271,142,0.33816539923954375,0.5106382978723404
2023-11-01,3852,1249,152,80,182,83,0.3242471443406023,0.5263157894736842
2023-11-02,4278,1496,213,104,237,118,0.34969611968209446,0.48826291079812206
2023-11-03,4171,1508,176,76,200,126,0.36154399424598416,0.4318181818181818
2023-11-04,2298,887,134,64,91,56,0.38598781549173194,0.47761194029850745
2023-11-05,1641,521,94,55,84,54,0.3174893357708714,0.5851063829787234
2023-11-06,3993,1583,163,96,176,95,0.3964437766090659,0.588957055214724
2023-11-07,4997,1656,182,86,277,138,0.33139883930358216,0.4725274725274725
2023-11-08,4984,1677,228,100,272,147,0.33647672552166935,0.43859649122807015
2023-11-09,5063,1894,224,138,228,121,0.3740865099743235,0.6160714285714286
2023-11-10,4400,1593,203,127,248,156,0.36204545454545456,0.625615763546798
2023-11-11,2424,822,149,74,83,48,0.33910891089108913,0.4966442953020134
2023-11-12,1558,533,76,42,81,47,0.34210526315789475,0.5526315789473685
2023-11-13,4125,1398,220,128,170,82,0.3389090909090909,0.5818181818181818
2023-11-14,4888,1675,225,105,205,108,0.3426759410801964,0.4666666666666667
2023-11-15,5055,1665,224,137,209,103,0.3293768545994065,0.6116071428571429
2023-11-16,4665,1693,265,159,201,106,0.36291532690246514,0.6
2023-11-17,4136,1459,173,105,161,95,0.35275628626692457,0.6069364161849711
2023-11-18,2154,746,81,49,82,50,0.3463324048282266,0.6049382716049383
2023-11-19,1566,591,97,68,66,38,0.3773946360153257,0.7010309278350515
2023-11-20,3893,1334,216,127,169,100,0.34266632417159004,0.5879629629629629
2023-11-21,5008,1704,242,135,207,107,0.3402555910543131,0.5578512396694215
2023-11-22,4567,1630,221,147,178,111,0.35690825487190714,0.665158371040724
2023-11-23,3069,932,136,77,106,49,0.30368198110133593,0.5661764705882353
2023-11-24,3222,1008,121,62,131,89,0.3128491620111732,0.512396694214876
2023-11-25,2155,770,75,38,85,49,0.35730858468677495,0.5066666666666667
2023-11-26,1733,555,73,32,81,45,0.32025389497980383,0.4383561643835616
2023-11-27,4534,1402,359,183,190,86,0.30921923246581384,0.5097493036211699
2023-11-28,5105,1685,330,167,283,142,0.33006856023506365,0.5060606060606061
2023-11-29,5078,1683,258,122,233,134,0.3314296967309965,0.4728682170542636
2023-11-30,4753,1545,256,140,237,130,0.3250578581948243,0.546875
2023-12-01,4339,1235,191,83,187,90,0.28462779442267805,0.43455497382198954
2023-12-02,2518,854,130,51,107,71,0.33915806195393167,0.3923076923076923
2023-12-03,2028,721,88,47,71,41,0.35552268244575935,0.5340909090909091
2023-12-04,5049,1659,238,119,189,114,0.3285799168152109,0.5
2023-12-05,5168,1688,238,122,201,107,0.326625386996904,0.5126050420168067
2023-12-06,4945,1642,287,176,263,158,0.3320525783619818,0.6132404181184669
2023-12-07,5119,1727,283,165,175,88,0.3373705801914436,0.5830388692579506
2023-12-08,4475,1532,204,106,163,80,0.3423463687150838,0.5196078431372549
2023-12-09,2262,719,128,51,116,76,0.3178603006189213,0.3984375
2023-12-10,1711,599,107,60,81,50,0.3500876680303916,0.5607476635514018
2023-12-11,4536,1625,202,117,167,98,0.35824514991181655,0.5792079207920792
2023-12-12,5385,1652,275,165,232,129,0.30677808727948,0.6
2023-12-13,4951,1568,266,133,180,87,0.3167036962229853,0.5
2023-12-14,5209,1779,297,160,204,115,0.34152428489153386,0.5387205387205387
2023-12-15,4907,1597,215,85,174,92,0.32545343386998166,0.3953488372093023
2023-12-16,2509,846,129,67,96,62,0.3371861299322439,0.5193798449612403
2023-12-17,2196,722,97,51,78,49,0.32877959927140255,0.5257731958762887
2023-12-18,5027,1790,247,134,197,123,0.3560771832106624,0.5425101214574899
2023-12-19,5522,1864,280,145,200,117,0.3375588554871423,0.5178571428571429
2023-12-20,5693,1926,309,183,226,109,0.3383102055155454,0.5922330097087378
2023-12-21,5362,1679,274,153,206,104,0.3131294293174189,0.5583941605839416
2023-12-22,4460,1392,214,119,159,99,0.31210762331838565,0.5560747663551402
2023-12-23,2335,868,91,41,96,60,0.3717344753747323,0.45054945054945056
2023-12-24,1373,425,70,38,57,31,0.30954115076474875,0.5428571428571428
2023-12-25,1353,595,58,29,40,25,0.43976348854397634,0.5
2023-12-26,4355,1437,219,139,123,71,0.32996555683122847,0.634703196347032
2023-12-27,5252,1737,264,150,202,119,0.33073115003808073,0.5681818181818182
2023-12-28,5514,1900,290,179,216,117,0.3445774392455568,0.6172413793103448
2023-12-29,5122,1715,232,132,187,125,0.3348301444748145,0.5689655172413793
2023-12-30,2743,842,129,59,112,62,0.3069631790010937,0.4573643410852713
2023-12-31,1648,516,85,45,71,37,0.3131067961165049,0.5294117647058824
2024-01-01,1753,526,98,54,76,45,0.3000570450656018,0.5510204081632653
2024-01-02,4666,1573,273,163,192,100,0.3371195885126447,0.5970695970695971
2024-01-03,5291,1621,262,145,236,133,0.30636930636930637,0.5534351145038168
2024-01-04,6059,1816,317,193,239,118,0.2997194256477967,0.6088328075709779
2024-01-05,4944,1642,254,143,209,114,0.3321197411003236,0.562992125984252
2024-01-06,2978,1068,123,65,118,75,0.35862995298858297,0.5284552845528455
2024-01-07,2213,776,130,68,78,58,0.350655219159512,0.5230769230769231
2024-01-08,5273,1726,245,145,189,114,0.32732789683292246,0.5918367346938775
2024-01-09,6003,1936,266,169,188,99,0.32250541395968685,0.6353383458646616
2024-01-10,6412,1865,293,168,200,116,0.2908608858390518,0.5733788395904437
2024-01-11,5939,1919,316,158,221,121,0.32311837009597577,0.5
2024-01-12,5406,1540,207,103,196,111,0.28486866444691084,0.4975845410628019
2024-01-13,2064,651,86,39,55,30,0.31540697674418605,0.45348837209302323
2024-01-14,1343,413,78,38,55,27,0.3075204765450484,0.48717948717948717
2024-01-15,2769,882,140,87,43,16,0.31852654387865653,0.6214285714285714
2024-01-16,3433,1088,172,87,135,65,0.3169239732012817,0.5058139534883721
2024-01-17,4561,1319,243,151,184,86,0.28919096689322515,0.6213991769547325
2024-01-18,6958,1993,290,157,221,114,0.28643288301235986,0.5413793103448276
2024-01-19,6225,1950,303,181,227,112,0.3132530120481928,0.5973597359735974
2024-01-20,3377,1078,162,78,142,65,0.31921824104234525,0.48148148148148145
2024-01-21,2510,759,117,50,77,46,0.30239043824701195,0.42735042735042733
2024-01-22,5907,1737,320,175,232,149,0.2940578974098527,0.546875
2024-01-23,6748,1965,408,266,236,132,0.2911973918197985,0.6519607843137255
2024-01-24,6392,1770,365,223,242,128,0.27690863579474345,0.6109589041095891
2024-01-25,6260,1808,290,170,232,138,0.2888178913738019,0.5862068965517241
2024-01-26,5513,1762,258,150,194,113,0.3196081988028297,0.5813953488372093
2024-01-27,3025,952,156,68,92,59,0.31471074380165287,0.4358974358974359
2024-01-28,2586,660,147,81,89,67,0.2552204176334107,0.5510204081632653
2024-01-29,5039,1595,292,146,189,111,0.3165310577495535,0.5
2024-01-30,5999,1851,304,140,249,139,0.3085514252375396,0.4605263157894737
2024-01-31,5719,1679,260,125,211,116,0.2935827941947893,0.4807692307692308
2024-02-01,5824,1680,309,156,248,133,0.28846153846153844,0.5048543689320388
2024-02-02,5908,1782,270,153,192,121,0.3016249153689912,0.5666666666666667
2024-02-03,3123,984,158,79,131,68,0.3150816522574448,0.5
2024-02-04,2585,772,144,57,68,35,0.2986460348162476,0.3958333333333333
2024-02-05,5803,1794,290,154,188,100,0.3091504394278821,0.5310344827586206
2024-02-06,6227,1914,333,164,213,127,0.30737112574273323,0.4924924924924925
2024-02-07,6984,1961,357,161,211,100,0.28078465063001146,0.45098039215686275
2024-02-08,6461,2076,283,146,245,122,0.32131249032657483,0.5159010600706714
2024-02-09,5684,1811,250,135,196,118,0.3186136523574947,0.54
2024-02-10,3346,944,208,93,86,50,0.2821279139270771,0.44711538461538464
2024-02-11,2194,588,108,58,66,51,0.268003646308113,0.5370370370370371
2024-02-12,5457,1734,288,162,179,102,0.3177570093457944,0.5625
2024-02-13,6165,1912,343,179,242,126,0.31013787510137875,0.521865889212828
2024-02-14,6216,1871,367,180,216,131,0.300997425997426,0.4904632152588556
2024-02-15,6233,1961,371,163,195,84,0.3146157548532007,0.4393530997304582
2024-02-16,5955,1829,312,136,191,104,0.3071368597816961,0.4358974358974359
2024-02-17,3653,1157,180,86,105,54,0.3167259786476868,0.4777777777777778
2024-02-18,2566,698,174,77,79,46,0.2720187061574435,0.4425287356321839
2024-02-19,6064,2010,368,174,144,83,0.33146437994722955,0.47282608695652173
2024-02-20,6750,2110,427,209,244,141,0.3125925925925926,0.4894613583138173
2024-02-21,6700,2077,370,191,243,134,0.31,0.5162162162162162
2024-02-22,7096,2083,449,240,222,127,0.2935456595264938,0.534521158129176
2024-02-23,6590,1877,421,203,231,127,0.28482549317147193,0.4821852731591449
2024-02-24,3585,1008,209,108,127,75,0.28117154811715483,0.5167464114832536
2024-02-25,2924,806,201,108,92,52,0.2756497948016416,0.5373134328358209
2024-02-26,6193,2043,331,164,188,118,0.3298885838850315,0.4954682779456193
2024-02-27,6768,2104,361,171,202,121,0.3108747044917258,0.47368421052631576
2024-02-28,7383,2195,428,179,228,127,0.297304618718678,0.4182242990654206
2024-02-29,7177,2330,462,215,210,114,0.32464818169151455,0.4653679653679654
2024-03-01,6419,1980,371,153,193,122,0.3084592615672223,0.4123989218328841
2024-03-02,3648,1075,194,94,116,74,0.29468201754385964,0.4845360824742268
2024-03-03,2800,731,142,67,66,44,0.26107142857142857,0.47183098591549294
2024-03-04,6140,2033,361,157,197,115,0.33110749185667754,0.43490304709141275
2024-03-05,7386,2527,544,271,264,132,0.3421337665854319,0.49816176470588236
2024-03-06,7182,2320,478,257,210,101,0.3230297967140072,0.5376569037656904
2024-03-07,7477,2400,579,295,221,124,0.32098435201283937,0.5094991364421416
2024-03-08,6626,2239,470,259,219,117,0.3379112586779354,0.551063829787234
2024-03-09,4018,1304,256,146,107,64,0.3245395719263315,0.5703125
2024-03-10,2977,756,192,78,87,50,0.2539469264360094,0.40625
2024-03-11,6879,2619,622,392,203,123,0.3807239424334932,0.6302250803858521
2024-03-12,7092,2443,616,399,223,131,0.34447264523406657,0.6477272727272727
2024-03-13,7214,2611,538,336,239,157,0.3619351261436097,0.6245353159851301
2024-03-14,7274,2492,487,270,233,133,0.3425900467418202,0.5544147843942505
2024-03-15,6305,2330,459,294,232,130,0.3695479777954005,0.6405228758169934
2024-03-16,3569,1216,235,122,113,75,0.34071168394508267,0.5191489361702127
2024-03-17,2870,731,192,87,103,58,0.2547038327526132,0.453125
2024-03-18,6742,2549,500,264,218,131,0.37807772174428955,0.528
2024-03-19,7317,2708,531,304,267,176,0.37009703430367635,0.5725047080979284
2024-03-20,7212,2600,492,292,249,161,0.36051026067665004,0.5934959349593496
2024-03-21,7776,2665,529,281,220,136,0.34272119341563784,0.5311909262759924
2024-03-22,7066,2742,488,293,248,162,0.388055476931786,0.6004098360655737
2024-03-23,3694,1265,231,116,112,65,0.34244721169463993,0.5021645021645021
2024-03-24,2925,730,189,83,79,45,0.24957264957264957,0.43915343915343913
2024-03-25,6895,2205,449,242,231,131,0.3197969543147208,0.5389755011135857
2024-03-26,7294,2882,493,309,292,165,0.39511927611735675,0.6267748478701826
2024-03-27,7326,2762,468,310,260,153,0.377013377013377,0.6623931623931624
2024-03-28,6186,2359,456,249,267,148,0.38134497251859034,0.5460526315789473
2024-03-29,6261,2274,436,220,223,145,0.3632007666506948,0.5045871559633027
2024-03-30,3210,1004,235,125,114,70,0.31277258566978194,0.5319148936170213
2024-03-31,2035,610,121,64,83,46,0.29975429975429974,0.5289256198347108
2024-04-01,6485,2257,354,212,209,120,0.3480339244410177,0.5988700564971752
2024-04-02,7484,2599,550,340,299,149,0.34727418492784606,0.6181818181818182
2024-04-03,7350,2458,492,261,241,131,0.33442176870748297,0.5304878048780488
2024-04-04,7711,2636,502,323,280,167,0.3418493061859681,0.6434262948207171
2024-04-05,7462,2555,485,291,262,159,0.3424015009380863,0.6
2024-04-06,3766,1164,198,98,117,67,0.3090812533191715,0.494949494949495
2024-04-07,2751,799,172,60,79,46,0.29043984005816065,0.3488372093023256
2024-04-08,6990,2314,543,296,216,133,0.33104434907010016,0.5451197053406999
2024-04-09,7347,2371,526,336,261,133,0.3227167551381516,0.6387832699619772
2024-04-10,7272,2610,581,323,274,166,0.3589108910891089,0.5559380378657487
2024-04-11,7567,2678,523,308,271,162,0.35390511431214483,0.5889101338432122
2024-04-12,6949,2349,485,292,218,138,0.3380342495323068,0.6020618556701031
2024-04-13,3522,1181,184,109,146,89,0.33532084043157295,0.592391304347826
2024-04-14,2906,886,176,73,76,50,0.30488644184445973,0.4147727272727273
2024-04-15,6764,2371,448,298,293,187,0.35053222945002954,0.6651785714285714
2024-04-16,7416,2583,540,335,234,126,0.3483009708737864,0.6203703703703703
2024-04-17,7831,2690,578,357,280,143,0.3435065764270208,0.6176470588235294
2024-04-18,7695,2518,559,344,294,161,0.32722547108512023,0.6153846153846154
2024-04-19,6909,2394,409,254,274,167,0.3465045592705167,0.6210268948655256
2024-04-20,4128,1188,245,133,118,74,0.2877906976744186,0.5428571428571428
2024-04-21,3248,890,157,63,85,53,0.27401477832512317,0.4012738853503185
2024-04-22,7044,2476,487,288,254,127,0.35150482680295286,0.5913757700205339
2024-04-23,7905,2780,567,348,296,176,0.35167615433270083,0.6137566137566137
2024-04-24,8484,2805,618,362,296,160,0.33062234794908063,0.5857605177993528
2024-04-25,7971,2488,507,282,255,134,0.31213147660268475,0.5562130177514792
2024-04-26,6899,2350,509,292,238,128,0.34062907667777936,0.5736738703339882
2024-04-27,4568,1417,241,140,133,98,0.3102014010507881,0.5809128630705395
2024-04-28,3557,1081,217,96,109,60,0.30390778746134384,0.4423963133640553
2024-04-29,6893,2268,477,265,237,117,0.32902945016683594,0.5555555555555556
2024-04-30,8246,2814,582,297,331,172,0.34125636672325976,0.5103092783505154
2024-05-01,7136,2223,401,204,233,133,0.3115190582959641,0.5087281795511222
2024-05-02,8090,2850,505,307,222,113,0.3522867737948084,0.6079207920792079
2024-05-03,7778,3038,466,284,264,143,0.39058884031884805,0.6094420600858369
2024-05-04,4667,1579,201,89,132,92,0.33833297621598457,0.4427860696517413
2024-05-05,3435,888,196,95,91,50,0.25851528384279476,0.4846938775510204
2024-05-06,7408,2841,410,233,219,136,0.38350431965442766,0.5682926829268292
2024-05-07,8605,3093,517,297,308,166,0.35944218477629286,0.574468085106383
2024-05-08,8646,2899,506,279,277,148,0.33529956049040016,0.5513833992094862
2024-05-09,8711,2889,564,278,282,140,0.33164963838824474,0.4929078014184397
2024-05-10,7888,2828,468,272,255,155,0.35851926977687626,0.5811965811965812
2024-05-11,3817,1205,152,86,157,121,0.3156929525805606,0.5657894736842105
2024-05-12,2719,802,149,65,68,52,0.2949613828613461,0.436241610738255
2024-05-13,6777,2097,399,184,256,104,0.3094289508632138,0.46115288220551376
2024-05-14,8321,2851,539,283,288,143,0.34262708809037373,0.5250463821892394
2024-05-15,8637,2874,492,226,280,138,0.332754428621049,0.45934959349593496
2024-05-16,8629,2913,485,228,282,147,0.33758257040213235,0.47010309278350515
2024-05-17,7804,2893,468,253,242,138,0.37070732957457714,0.5405982905982906
2024-05-18,4400,1387,176,94,163,121,0.31522727272727274,0.5340909090909091
2024-05-19,3306,944,167,97,90,63,0.28554143980641256,0.5808383233532934
2024-05-20,7374,2397,560,244,230,86,0.3250610252237592,0.4357142857142857
2024-05-21,8688,3001,510,247,238,110,0.34541896869244937,0.4843137254901961
2024-05-22,8622,2975,519,310,257,108,0.3450475527719787,0.5973025048169557
2024-05-23,8356,2845,466,221,277,130,0.3404739109621829,0.4742489270386266
2024-05-24,7195,2627,499,297,278,143,0.36511466296038914,0.5951903807615231
2024-05-25,4465,1447,155,83,146,103,0.32407614781634936,0.535483870967742
2024-05-26,2866,763,145,57,64,34,0.26622470341939986,0.3931034482758621
2024-05-27,5468,1621,228,87,94,35,0.29645208485735186,0.3815789473684211
2024-05-28,8179,2609,525,283,222,111,0.31898765130211515,0.539047619047619
2024-05-29,8422,2727,550,261,375,194,0.3237948230824032,0.47454545454545455
2024-05-30,7849,2565,565,303,241,106,0.3267932220665053,0.536283185840708
2024-05-31,7703,2642,443,293,229,117,0.34298325327794366,0.6613995485327314
2024-06-01,4175,1389,241,119,171,109,0.3326946107784431,0.49377593360995853
2024-06-02,2960,791,169,78,87,48,0.26722972972972975,0.46153846153846156
2024-06-03,7866,2634,535,290,210,81,0.3348588863463005,0.5420560747663551
2024-06-04,8505,3027,461,238,277,136,0.3559082892416226,0.5162689804772235
2024-06-05,8821,2880,450,247,253,104,0.3264935948305181,0.5488888888888889
2024-06-06,8650,3077,508,288,205,82,0.3557225433526012,0.5669291338582677
2024-06-07,7672,3008,388,214,190,105,0.3920750782064651,0.5515463917525774
2024-06-08,4697,1483,206,98,95,47,0.31573344688098787,0.47572815533980584
2024-06-09,3128,891,182,90,72,42,0.284846547314578,0.4945054945054945
2024-06-10,7364,2636,389,188,221,96,0.35795763172189027,0.4832904884318766
2024-06-11,9090,2858,456,214,242,79,0.3144114411441144,0.4692982456140351
2024-06-12,8872,3153,526,287,224,81,0.3553877366997295,0.5456273764258555
2024-06-13,9399,3115,473,218,220,99,0.3314182359825513,0.4608879492600423
2024-06-14,8161,2874,426,189,229,88,0.35216272515623087,0.44366197183098594
2024-06-15,4174,1165,189,97,88,44,0.27910876856732153,0.5132275132275133
2024-06-16,2743,718,119,60,61,35,0.26175720014582576,0.5042016806722689
2024-06-17,7265,2484,393,181,292,110,0.34191328286304196,0.46055979643765904
2024-06-18,8098,3004,416,211,214,93,0.37095579155346997,0.5072115384615384
2024-06-19,8725,3260,506,284,199,83,0.37363896848137534,0.5612648221343873
2024-06-20,8490,2964,450,229,212,97,0.3491166077738516,0.5088888888888888
2024-06-21,8137,3063,444,235,225,88,0.37642865921101143,0.5292792792792793
2024-06-22,4654,1328,207,100,117,68,0.2853459389772239,0.4830917874396135
2024-06-23,3412,732,143,64,68,53,0.21453692848769051,0.44755244755244755
2024-06-24,7977,2471,444,209,206,97,0.3097655760310894,0.47072072072072074
2024-06-25,8719,2936,476,242,248,113,0.3367358642046106,0.5084033613445378
2024-06-26,8511,2692,544,263,246,109,0.31629655739631063,0.4834558823529412
2024-06-27,8725,2800,533,239,241,89,0.3209169054441261,0.44840525328330205
2024-06-28,7631,2564,478,244,245,91,0.335997903289215,0.5104602510460251
2024-06-29,4480,1268,179,74,95,59,0.2830357142857143,0.4134078212290503
2024-06-30,3067,935,168,91,82,58,0.3048581675904793,0.5416666666666666
2024-07-01,8412,2621,396,173,211,84,0.31157869709938185,0.43686868686868685
2024-07-02,8765,2846,460,206,235,104,0.3247005134055904,0.44782608695652176
2024-07-03,9097,2855,431,186,255,94,0.31383972738265364,0.43155452436194897
2024-07-04,6464,2010,246,148,98,46,0.31095297029702973,0.6016260162601627
2024-07-05,7406,2391,350,136,179,67,0.3228463408047529,0.38857142857142857
2024-07-06,4584,1418,226,75,127,40,0.3093368237347295,0.33185840707964603
2024-07-07,3353,940,174,75,85,42,0.2803459588428273,0.43103448275862066
2024-07-08,7928,2584,412,194,250,100,0.32593340060544906,0.470873786407767
2024-07-09,8786,2844,501,209,269,95,0.32369679034828136,0.4171656686626746
2024-07-10,9163,3205,507,263,241,94,0.349776274146022,0.5187376725838264
2024-07-11,9202,3066,414,175,224,95,0.3331884372962399,0.4227053140096618
2024-07-12,8229,2776,460,228,255,126,0.3373435411350103,0.4956521739130435
2024-07-13,4275,1135,202,107,99,65,0.2654970760233918,0.5297029702970297
2024-07-14,3373,912,164,74,58,37,0.27038244885858287,0.45121951219512196
2024-07-15,8465,2557,446,188,231,96,0.3020673360897815,0.42152466367713004
2024-07-16,9326,3035,567,252,272,104,0.32543426978340123,0.4444444444444444
2024-07-17,9402,3064,568,266,248,91,0.32588810891299724,0.46830985915492956
2024-07-18,9143,2833,595,249,263,95,0.3098545335229137,0.4184873949579832
2024-07-19,8777,2772,603,221,255,99,0.3158254528882306,0.36650082918739635
2024-07-20,4791,1302,301,125,120,69,0.271759549154665,0.4152823920265781
2024-07-21,3620,1034,185,97,82,55,0.2856353591160221,0.5243243243243243
2024-07-22,8448,2707,433,201,245,84,0.3204308712121212,0.46420323325635104
2024-07-23,9186,2717,431,193,247,97,0.295776181145221,0.44779582366589327
2024-07-24,9541,2943,443,194,257,103,0.3084582328896342,0.43792325056433407
2024-07-25,8872,2745,427,206,235,87,0.3094003606853021,0.48243559718969553
2024-07-26,8993,2965,459,217,210,76,0.32970087846102525,0.47276688453159044
2024-07-27,4051,1307,206,87,119,64,0.3226363860775117,0.4223300970873786
2024-07-28,3626,901,185,83,75,42,0.24848317705460563,0.4486486486486487
2024-07-29,8608,2828,366,188,212,115,0.32853159851301117,0.5136612021857924
2024-07-30,9462,2860,542,237,264,91,0.3022616782921158,0.43726937269372695
2024-07-31,9306,2676,449,197,271,85,0.2875564152159897,0.43875278396436523
2024-08-01,8837,2794,499,225,237,87,0.31617064614688245,0.45090180360721444
2024-08-02,9008,2718,502,190,280,99,0.30173179396092364,0.3784860557768924
2024-08-03,4720,1397,206,102,122,69,0.29597457627118645,0.49514563106796117
2024-08-04,3611,979,181,72,81,39,0.27111603433951814,0.39779005524861877
2024-08-05,9138,2525,443,205,236,95,0.2763186692930619,0.46275395033860045
2024-08-06,9962,2875,500,201,217,99,0.28859666733587636,0.402
2024-08-07,10895,2953,555,242,306,130,0.2710417622762735,0.436036036036036
2024-08-08,10332,2997,511,224,262,107,0.29006968641114983,0.4383561643835616
2024-08-09,9677,2920,538,215,277,103,0.30174640901105715,0.3996282527881041
2024-08-10,5280,1480,225,106,98,62,0.2803030303030303,0.4711111111111111
2024-08-11,3743,1002,165,67,87,50,0.2676997061180871,0.40606060606060607
2024-08-12,8852,2578,522,206,307,106,0.2912336195210122,0.3946360153256705
2024-08-13,10598,3141,561,243,314,116,0.29637667484431024,0.43315508021390375
2024-08-14,10054,2944,577,273,297,104,0.29281877859558386,0.4731369150779896
2024-08-15,10095,2864,544,282,248,102,0.28370480435859335,0.5183823529411765
2024-08-16,9306,3155,561,245,248,80,0.3390285837094348,0.43672014260249553
2024-08-17,5520,1729,267,141,98,64,0.31322463768115943,0.5280898876404494
2024-08-18,4054,988,288,114,93,59,0.2437099161322151,0.3958333333333333
2024-08-19,10490,2912,604,250,371,109,0.27759771210676837,0.4139072847682119
2024-08-20,10945,2983,677,258,384,111,0.2725445408862494,0.3810930576070901
2024-08-21,11144,3009,667,265,356,99,0.270010768126346,0.39730134932533734
2024-08-22,11017,3496,555,258,325,107,0.3173277661795407,0.4648648648648649
2024-08-23,9513,2430,447,156,271,117,0.2554399243140965,0.348993288590604
2024-08-24,4258,996,153,74,96,49,0.23391263503992485,0.48366013071895425
2024-08-25,3927,930,213,83,112,45,0.23682200152788388,0.38967136150234744
2024-08-26,9661,2674,571,196,302,98,0.27678294172445916,0.3432574430823117
2024-08-27,10966,3272,581,251,313,99,0.2983768010213387,0.43201376936316693
2024-08-28,11550,3436,671,280,328,127,0.29748917748917747,0.4172876304023845
2024-08-29,11134,3282,584,253,315,95,0.2947727680977187,0.4332191780821918
2024-08-30,10223,2987,558,235,289,111,0.29218429032573606,0.4211469534050179
2024-08-31,5306,1448,245,114,85,46,0.2728986053524312,0.46530612244897956
2024-09-01,3751,986,233,106,74,39,0.2628632364702746,0.45493562231759654
2024-09-02,7546,2173,287,104,179,61,0.2879671349059104,0.3623693379790941
2024-09-03,11044,3313,634,216,331,103,0.29998189061934083,0.34069400630914826
2024-09-04,11555,3352,665,238,313,113,0.2900908697533535,0.35789473684210527
2024-09-05,11272,3322,673,275,342,111,0.2947125621007807,0.4086181277860327
2024-09-06,10407,3082,572,220,276,98,0.29614682425290667,0.38461538461538464
2024-09-07,4825,1221,274,111,133,63,0.25305699481865285,0.4051094890510949
2024-09-08,3644,857,209,88,83,46,0.23518111964873764,0.42105263157894735
2024-09-09,10061,2723,530,210,313,114,0.27064904085081004,0.39622641509433965
2024-09-10,10878,2978,648,229,290,91,0.2737635594778452,0.3533950617283951
2024-09-11,11296,3169,696,256,308,114,0.2805417847025496,0.367816091954023
2024-09-12,11299,3122,612,240,265,98,0.276307637844057,0.39215686274509803
2024-09-13,10977,3036,606,217,310,106,0.27657830008198964,0.3580858085808581
2024-09-14,5253,1364,267,116,106,69,0.2596611460118028,0.4344569288389513
2024-09-15,3618,996,197,88,76,43,0.2752902155887231,0.4467005076142132
2024-09-16,9715,2747,579,195,265,109,0.2827586206896552,0.33678756476683935
2024-09-17,11768,3320,644,268,309,102,0.2821210061182869,0.4161490683229814
2024-09-18,11370,3184,662,234,334,104,0.2800351802990325,0.35347432024169184
2024-09-19,11120,3322,625,221,301,102,0.2987410071942446,0.3536
2024-09-20,10628,2960,535,170,290,121,0.2785095972901769,0.3177570093457944
2024-09-21,5397,1255,254,107,101,66,0.2325365944042987,0.421259842519685
2024-09-22,3703,950,281,112,77,49,0.25654874426140967,0.398576512455516
2024-09-23,10616,2933,658,198,315,120,0.2762810851544838,0.3009118541033435
2024-09-24,10865,3296,786,235,317,103,0.3033594109526001,0.2989821882951654
2024-09-25,11300,3228,818,296,348,107,0.2856637168141593,0.36185819070904646
2024-09-26,11570,3336,735,277,337,98,0.28833189282627486,0.3768707482993197
2024-09-27,10528,3071,609,249,309,123,0.2916983282674772,0.4088669950738916
2024-09-28,4982,1429,288,121,108,72,0.2868325973504617,0.4201388888888889
2024-09-29,3798,978,293,120,84,39,0.2575039494470774,0.40955631399317405
2024-09-30,10035,2663,605,208,291,97,0.26537120079720977,0.343801652892562
2024-10-01,11106,3347,698,272,336,115,0.30136862956960203,0.38968481375358166
2024-10-02,11349,3343,696,264,265,100,0.29456339765618117,0.3793103448275862
2024-10-03,11468,3113,666,241,283,114,0.2714509940704569,0.36186186186186187
2024-10-04,10594,3103,663,262,266,95,0.2929016424391165,0.3951734539969834
2024-10-05,5325,1307,323,99,96,57,0.24544600938967137,0.3065015479876161
2024-10-06,4170,899,227,66,68,41,0.21558752997601918,0.2907488986784141
2024-10-07,10478,2995,582,213,304,97,0.2858369917923268,0.36597938144329895
2024-10-08,11814,3510,749,305,350,112,0.2971051295073641,0.40720961281708945
2024-10-09,11145,2977,764,318,314,122,0.2671152983400628,0.4162303664921466
2024-10-10,10818,3086,590,239,274,91,0.28526529857644667,0.40508474576271186
2024-10-11,10723,3079,722,262,279,105,0.2871397929683857,0.3628808864265928
2024-10-12,4720,1344,334,133,88,45,0.2847457627118644,0.39820359281437123
2024-10-13,4727,1297,334,158,113,54,0.27438121430082507,0.47305389221556887
2024-10-14,10663,3147,568,217,186,81,0.29513270186626656,0.38204225352112675
2024-10-15,11876,3056,756,242,325,94,0.25732569888851464,0.3201058201058201
2024-10-16,11676,3031,704,275,254,96,0.2595923261390887,0.390625
2024-10-17,11381,3039,608,222,253,92,0.2670239873473333,0.3651315789473684
2024-10-18,11070,2723,607,200,207,70,0.24598012646793135,0.32948929159802304
2024-10-19,5240,1171,291,117,114,70,0.22347328244274808,0.4020618556701031
2024-10-20,3830,763,277,107,76,54,0.19921671018276763,0.3862815884476534
2024-10-21,10243,2369,546,168,199,70,0.23127989846724592,0.3076923076923077
2024-10-22,12061,3190,677,303,252,103,0.2644888483541995,0.44756277695716395
2024-10-23,11635,3202,641,249,295,134,0.2752041254834551,0.38845553822152884
2024-10-24,11241,2971,670,264,283,118,0.26430032915221063,0.3940298507462687
2024-10-25,11557,3166,613,227,285,95,0.2739465259150298,0.3703099510603589
2024-10-26,5314,1284,249,115,93,57,0.24162589386526157,0.46184738955823296
2024-10-27,3866,1239,276,144,117,57,0.32048629073978274,0.5217391304347826
2024-10-28,10522,2812,609,229,302,127,0.26724957232465313,0.3760262725779967
2024-10-29,11991,2787,624,230,326,99,0.232424318238679,0.3685897435897436
2024-10-30,12041,3237,736,259,314,100,0.2688314924009634,0.35190217391304346
2024-10-31,11233,3097,682,271,259,103,0.27570551054927445,0.3973607038123167
2024-11-01,9417,2419,446,149,138,81,0.25687586280131675,0.33408071748878926
2024-11-02,5393,1188,292,84,105,69,0.22028555534952715,0.2876712328767123
2024-11-03,4088,950,279,112,73,46,0.23238747553816047,0.4014336917562724
2024-11-04,9911,2828,617,248,268,96,0.2853395217435173,0.4019448946515397
2024-11-05,11762,3294,712,278,288,124,0.28005441251487845,0.3904494382022472
2024-11-06,12361,3152,706,280,286,85,0.25499555052180245,0.39660056657223797
2024-11-07,11969,3095,727,259,245,79,0.258584677082463,0.3562585969738652
2024-11-08,11409,2816,603,197,281,107,0.2468226838460864,0.32669983416252074
2024-11-09,5831,1389,314,108,115,71,0.23820956954210257,0.34394904458598724
2024-11-10,4063,1109,292,101,77,47,0.2729510214127492,0.3458904109589041
2024-11-11,10904,2483,550,166,195,74,0.22771460014673514,0.3018181818181818
2024-11-12,11547,2917,645,231,269,103,0.2526197280678964,0.3581395348837209
2024-11-13,12876,3547,709,269,249,105,0.27547374961168064,0.37940761636107195
2024-11-14,12120,3107,682,261,244,95,0.2563531353135314,0.38269794721407624
2024-11-15,11241,2904,574,223,274,119,0.25834000533760343,0.3885017421602787
2024-11-16,6375,1594,362,118,111,66,0.2500392156862745,0.3259668508287293
2024-11-17,4401,1030,281,95,97,61,0.23403771870029538,0.33807829181494664
2024-11-18,11277,2757,598,186,250,100,0.2444799148709763,0.3110367892976589
2024-11-19,13329,3222,601,231,258,121,0.24172856178257934,0.3843594009983361
2024-11-20,12677,3670,726,247,262,108,0.28950067050564016,0.3402203856749311
2024-11-21,12839,3173,663,220,276,94,0.24713762754108576,0.33182503770739064
2024-11-22,11535,3399,612,222,249,103,0.294668400520156,0.3627450980392157
2024-11-23,5988,1467,317,112,118,52,0.24498997995991983,0.35331230283911674
2024-11-24,4587,1139,249,103,118,77,0.24831044255504686,0.41365461847389556
2024-11-25,11748,2883,632,232,297,101,0.2454034729315628,0.3670886075949367
2024-11-26,12177,3286,728,271,302,124,0.2698530015603186,0.37225274725274726
2024-11-27,12057,3317,657,235,264,97,0.2751098946669984,0.3576864535768645
2024-11-28,8665,2081,234,82,101,68,0.24016156953260243,0.3504273504273504
2024-11-29,9201,2243,313,125,155,78,0.24377785023367024,0.3993610223642173
2024-11-30,5329,1132,333,71,130,79,0.21242259335710265,0.2132132132132132
2024-12-01,4365,1090,283,98,104,59,0.24971363115693013,0.3462897526501767
2024-12-02,11814,3392,558,217,295,108,0.28711697985441004,0.3888888888888889
2024-12-03,13194,3629,728,269,299,101,0.2750492648173412,0.3695054945054945
2024-12-04,12622,3424,711,256,296,122,0.2712723815560133,0.360056258790436
2024-12-05,13351,3804,656,288,290,123,0.28492247771702495,0.43902439024390244
2024-12-06,12691,3348,549,225,203,110,0.26380899850287604,0.4098360655737705
2024-12-07,6534,1693,376,152,169,66,0.2591062136516682,0.40425531914893614
2024-12-08,4553,977,272,115,90,49,0.21458379090709423,0.4227941176470588
2024-12-09,12130,3135,786,267,252,87,0.25845012366034625,0.33969465648854963
2024-12-10,14070,3822,617,220,248,118,0.2716417910447761,0.3565640194489465
2024-12-11,13461,3685,675,260,306,116,0.273753807295149,0.3851851851851852
2024-12-12,13154,3610,703,298,273,98,0.27444123460544323,0.4238975817923186
2024-12-13,12172,3217,644,224,301,108,0.26429510351626684,0.34782608695652173
2024-12-14,6385,1630,318,148,104,70,0.2552858261550509,0.46540880503144655
2024-12-15,4195,1080,254,82,80,54,0.25744934445768775,0.3228346456692913
2024-12-16,12022,3386,576,156,284,118,0.28165030776909,0.2708333333333333
2024-12-17,13006,3652,819,285,292,113,0.28079347993233894,0.34798534798534797
2024-12-18,12566,3423,749,283,292,122,0.2724017189240808,0.37783711615487314
2024-12-19,12346,3228,671,283,251,107,0.2614612020087478,0.4217585692995529
2024-12-20,11438,2691,523,201,193,88,0.23526840356705717,0.384321223709369
2024-12-21,6345,1678,369,122,137,86,0.2644602048857368,0.33062330623306235
2024-12-22,4654,1054,342,114,83,52,0.22647185217017618,0.3333333333333333
2024-12-23,11523,2824,562,196,251,104,0.24507506725679076,0.3487544483985765
2024-12-24,7448,2144,401,181,193,100,0.2878625134264232,0.4513715710723192
2024-12-25,4189,879,175,75,73,27,0.20983528288374315,0.42857142857142855
2024-12-26,10630,3030,502,179,243,106,0.2850423330197554,0.3565737051792829
2024-12-27,12367,3505,675,249,343,103,0.28341554136007113,0.3688888888888889
2024-12-28,6971,1983,388,170,139,84,0.2844642088652991,0.4381443298969072
2024-12-29,5232,1451,366,134,98,66,0.2773318042813456,0.366120218579235
2024-12-30,11356,2886,647,224,339,118,0.2541387812610074,0.3462132921174652
2024-12-31,7197,1975,530,219,176,114,0.2744198971793803,0.41320754716981134
2025-01-01,5453,1437,348,133,120,64,0.2635246653218412,0.382183908045977
2025-01-02,12964,3570,823,273,323,127,0.275377969762419,0.33171324422843257
2025-01-03,14121,4014,839,194,360,116,0.28425748884639895,0.23122765196662692
2025-01-04,7528,1892,514,199,161,87,0.25132837407013814,0.38715953307393
2025-01-05,5757,1572,335,133,109,69,0.273058884835852,0.3970149253731343
2025-01-06,13460,3724,729,243,276,119,0.27667161961367015,0.3333333333333333
2025-01-07,14793,4121,781,256,289,140,0.27857770567160145,0.32778489116517284
2025-01-08,14737,4058,805,300,300,116,0.27536133541426344,0.37267080745341613
2025-01-09,14745,4075,836,321,324,135,0.27636486944727023,0.3839712918660287
2025-01-10,14084,3900,737,261,252,124,0.2769099687588753,0.3541383989145183
2025-01-11,8932,2151,497,206,150,101,0.24081952530228393,0.41448692152917505
2025-01-12,6473,1742,433,169,121,61,0.2691178742468716,0.3903002309468822
2025-01-13,13590,4006,765,280,322,126,0.29477557027225904,0.3660130718954248
2025-01-14,16338,5076,873,345,344,149,0.31068674256334927,0.3951890034364261
2025-01-15,21360,10064,846,324,375,172,0.47116104868913855,0.3829787234042553
2025-01-16,24119,10514,1032,330,527,183,0.43592188730876075,0.31976744186046513
2025-01-17,34091,20524,934,339,435,196,0.6020357279047256,0.36295503211991437
2025-01-18,21179,12967,466,201,211,123,0.6122574248075924,0.4313304721030043
2025-01-19,10502,5255,389,178,198,132,0.5003808798324129,0.45758354755784064
2025-01-20,19938,8804,734,258,282,150,0.441568863476778,0.35149863760217986
2025-01-21,18742,6925,920,351,358,143,0.36949098281933623,0.3815217391304348
2025-01-22,18575,6439,973,397,392,176,0.3466487213997308,0.408016443987667
2025-01-23,21748,7858,1091,431,407,164,0.36132058120286925,0.3950504124656279
2025-01-24,20295,6869,1138,422,362,144,0.3384577482138458,0.37082601054481545
2025-01-25,10810,3604,618,275,181,93,0.3333950046253469,0.4449838187702265
2025-01-26,7692,2701,547,218,132,75,0.35114404576183045,0.39853747714808047
2025-01-27,15999,4791,904,315,302,115,0.29945621601350086,0.34845132743362833
2025-01-28,17191,4917,978,373,372,154,0.2860217555697749,0.38139059304703476
2025-01-29,17226,5208,963,375,339,146,0.30233368164402646,0.3894080996884735
2025-01-30,17389,5297,1085,338,386,133,0.3046178618666973,0.31152073732718893
2025-01-31,15952,4862,897,300,363,159,0.30478936810431295,0.33444816053511706
2025-02-01,8736,2478,547,186,172,99,0.28365384615384615,0.340036563071298
2025-02-02,6667,2142,469,201,128,79,0.32128393580320985,0.42857142857142855
2025-02-03,14771,4594,730,276,287,128,0.31101482634892696,0.3780821917808219
2025-02-04,16872,5040,949,358,316,118,0.29871977240398295,0.3772391991570074
2025-02-05,16809,4640,970,344,333,134,0.2760425962282111,0.354639175257732
2025-02-06,17323,4880,868,313,382,144,0.2817064018934365,0.36059907834101385
2025-02-07,15725,4277,704,239,266,113,0.2719872813990461,0.33948863636363635
2025-02-08,8056,2218,465,200,159,93,0.2753227408142999,0.43010752688172044
2025-02-09,5976,2012,382,149,100,67,0.33668005354752345,0.3900523560209424
2025-02-10,12132,3692,614,244,238,105,0.3043191559512034,0.3973941368078176
2025-02-11,14740,4479,717,264,278,109,0.3038670284938942,0.3682008368200837
2025-02-12,14334,4417,625,254,275,130,0.308148458211246,0.4064
2025-02-13,14276,3979,627,241,292,133,0.27871952927991034,0.3843700159489633
2025-02-14,11951,3424,502,194,174,83,0.2865032214877416,0.38645418326693226
2025-02-15,5726,1531,256,138,97,55,0.26737687740132726,0.5390625
2025-02-16,4599,1262,269,111,82,46,0.2744074798869319,0.41263940520446096
2025-02-17,10854,2750,449,184,135,85,0.2533628155518703,0.40979955456570155
2025-02-18,12746,3030,631,257,217,108,0.23772163816099168,0.40729001584786056
2025-02-19,12967,3514,740,289,293,126,0.27099560422611246,0.39054054054054055
2025-02-20,13194,3315,689,280,257,128,0.2512505684402001,0.40638606676342526
2025-02-21,12717,3210,633,242,237,113,0.2524180231186601,0.382306477093207
2025-02-22,6807,1673,357,173,131,92,0.2457764066402233,0.484593837535014
2025-02-23,5222,1385,318,133,89,62,0.26522405208732286,0.41823899371069184
2025-02-24,11946,3110,626,228,208,113,0.2603381885149841,0.36421725239616615
2025-02-25,14958,3823,716,241,303,145,0.2555822970985426,0.3365921787709497
2025-02-26,15110,4007,712,291,255,128,0.26518861681005956,0.40870786516853935
2025-02-27,15175,3904,781,259,252,111,0.2572652388797364,0.33162612035851474
2025-02-28,14847,3682,686,261,257,119,0.247996228194248,0.380466472303207
2025-03-01,8191,2085,509,192,146,77,0.2545476742766451,0.37721021611001965
2025-03-02,5971,1735,367,142,104,68,0.2905710936191593,0.3869209809264305
2025-03-03,13909,3410,655,204,256,120,0.24516500107843842,0.3114503816793893
2025-03-04,15739,4160,746,280,284,127,0.26431158269267424,0.3753351206434316
2025-03-05,16382,4364,857,299,238,106,0.2663899401782444,0.34889148191365227
2025-03-06,15789,4389,844,362,254,120,0.2779783393501805,0.42890995260663506
2025-03-07,14392,4067,652,261,226,109,0.2825875486381323,0.4003067484662577
2025-03-08,7745,1944,428,190,113,77,0.2510006455777921,0.4439252336448598
2025-03-09,5926,1602,385,150,84,50,0.27033412082348973,0.38961038961038963
2025-03-10,14745,3917,726,275,171,86,0.26564937266870126,0.3787878787878788
2025-03-11,17373,5001,933,400,226,118,0.28786047314798824,0.4287245444801715
2025-03-12,16731,4695,794,294,245,101,0.28061681907835756,0.3702770780856423
2025-03-13,17764,4698,803,239,265,111,0.26446746228326956,0.29763387297633875
2025-03-14,15355,4276,738,242,221,111,0.27847606642787365,0.32791327913279134
2025-03-15,7882,2040,444,186,117,84,0.2588175589951789,0.4189189189189189
2025-03-16,5718,1434,361,119,103,57,0.25078698845750264,0.3296398891966759
2025-03-17,14718,3921,767,299,220,108,0.2664084794129637,0.3898305084745763
2025-03-18,16288,4295,918,324,255,107,0.2636910609037328,0.35294117647058826
2025-03-19,17167,4345,871,314,290,105,0.25310188151686375,0.3605051664753157
2025-03-20,16398,4255,768,320,247,109,0.25948286376387364,0.4166666666666667
2025-03-21,14630,3988,717,277,236,111,0.27259056732740944,0.38633193863319387
2025-03-22,8020,1951,506,211,111,54,0.24326683291770573,0.41699604743083
2025-03-23,5389,1417,287,123,97,61,0.26294303210243086,0.42857142857142855
2025-03-24,14612,3733,707,277,228,91,0.25547495209416915,0.3917963224893918
2025-03-25,16214,4156,879,340,294,130,0.2563216972986308,0.38680318543799774
2025-03-26,16246,4128,742,290,242,109,0.2540933152776068,0.3908355795148248
2025-03-27,15471,4103,797,268,278,116,0.26520586904531057,0.33626097867001253
2025-03-28,14758,3857,633,228,220,92,0.2613497763924651,0.36018957345971564
2025-03-29,7349,1662,347,153,125,69,0.22615321812491496,0.4409221902017291
2025-03-30,6058,1393,332,139,78,50,0.22994387586662265,0.4186746987951807
2025-03-31,14043,4143,856,273,281,137,0.29502243110446486,0.3189252336448598
2025-04-01,14842,4032,850,348,267,118,0.2716615011453982,0.40941176470588236
2025-04-02,16107,4051,907,343,281,99,0.2515055565903023,0.37816979051819183
2025-04-03,16149,4161,802,293,217,84,0.25766301318967116,0.3653366583541147
2025-04-04,15752,4187,723,334,284,103,0.2658075165058405,0.46196403872752423
2025-04-05,7564,1746,399,166,133,70,0.230830248545743,0.41604010025062654
2025-04-06,5676,1266,324,126,123,64,0.22304439746300211,0.3888888888888889
2025-04-07,13694,3700,656,282,234,94,0.2701913246677377,0.4298780487804878
2025-04-08,17193,4709,788,357,287,103,0.273890536846391,0.4530456852791878
2025-04-09,16825,4377,906,409,302,98,0.260148588410104,0.45143487858719644
2025-04-10,16900,4526,711,321,221,109,0.26781065088757394,0.45147679324894513
2025-04-11,15882,4207,750,335,254,111,0.26489107165344417,0.44666666666666666
2025-04-12,7957,1878,349,161,126,77,0.2360185999748649,0.46131805157593125
2025-04-13,5088,1233,236,85,98,69,0.24233490566037735,0.3601694915254237
2025-04-14,15234,4229,742,337,269,104,0.27760273073388475,0.45417789757412397
2025-04-15,17190,4419,848,370,319,133,0.2570680628272251,0.4363207547169811
2025-04-16,17298,4468,910,371,330,139,0.25829575673488264,0.4076923076923077
2025-04-17,15698,4176,861,373,311,124,0.26602114919097974,0.4332171893147503
2025-04-18,13854,3816,570,291,193,95,0.2754439151147683,0.5105263157894737
2025-04-19,7611,1709,303,95,129,75,0.2245434239915911,0.31353135313531355
2025-04-20,4980,1242,232,105,80,42,0.2493975903614458,0.4525862068965517
2025-04-21,14301,3693,776,328,288,119,0.2582336899517516,0.422680412371134
2025-04-22,17340,4586,824,383,266,106,0.26447520184544404,0.46480582524271846
2025-04-23,16958,4611,913,379,285,111,0.27190706451232455,0.41511500547645125
2025-04-24,17331,4262,871,306,297,103,0.2459177196930356,0.3513203214695752
2025-04-25,15950,4146,832,361,265,117,0.25993730407523513,0.4338942307692308
2025-04-26,7958,1818,396,179,112,72,0.22844935913546116,0.45202020202020204
2025-04-27,5366,1343,311,166,100,64,0.25027953783078644,0.5337620578778135
2025-04-28,15155,3701,740,346,257,131,0.2442098317387001,0.46756756756756757
2025-04-29,16657,4227,836,384,230,107,0.253767184967281,0.45933014354066987
2025-04-30,17590,4464,938,395,339,145,0.25378055713473563,0.4211087420042644
2025-05-01,16393,4352,716,293,318,119,0.2654791679375343,0.4092178770949721
2025-05-02,15565,3630,854,346,283,113,0.2332155477031802,0.405152224824356
2025-05-03,7651,1902,423,155,142,83,0.2485949549078552,0.3664302600472813
2025-05-04,5787,1552,348,130,100,63,0.2681873163988249,0.3735632183908046
2025-05-05,14978,3973,827,342,230,115,0.26525570837227935,0.4135429262394196
2025-05-06,17343,4614,899,384,337,122,0.26604393703511503,0.4271412680756396
2025-05-07,16845,4068,889,379,283,101,0.2414959928762244,0.4263217097862767
2025-05-08,16512,4155,939,383,278,117,0.25163517441860467,0.4078807241746539
2025-05-09,15308,4179,741,335,309,130,0.2729945126731121,0.45209176788124156
2025-05-10,7339,1837,379,161,138,76,0.2503065812781033,0.42480211081794195
2025-05-11,5267,1233,314,140,87,49,0.23409910765141448,0.445859872611465
2025-05-12,13950,3530,772,384,277,113,0.2530465949820789,0.49740932642487046
2025-05-13,16738,4409,899,404,326,120,0.2634125940972637,0.44938820912124583
2025-05-14,17228,4309,915,403,307,117,0.2501160900859067,0.44043715846994536
2025-05-15,17240,4423,824,382,317,142,0.256554524361949,0.46359223300970875
2025-05-16,15627,4305,777,340,311,122,0.27548473795354195,0.4375804375804376
2025-05-17,8110,1887,373,155,139,90,0.23267570900123305,0.4155495978552279
2025-05-18,5295,1351,354,140,87,63,0.25514636449480643,0.3954802259887006
2025-05-19,14846,3465,711,308,257,126,0.23339620099690153,0.43319268635724334
2025-05-20,17457,4401,870,362,326,143,0.25210517271008764,0.4160919540229885
2025-05-21,17665,4627,945,319,328,140,0.26193037078969716,0.33756613756613757
2025-05-22,16667,4406,845,370,274,121,0.26435471290574186,0.4378698224852071
2025-05-23,16295,4156,730,320,295,122,0.2550475606014115,0.4383561643835616
2025-05-24,7009,1807,423,191,136,81,0.25781138536167786,0.4515366430260047
2025-05-25,4715,1309,371,155,107,71,0.27762460233297986,0.41778975741239893
2025-05-26,12906,2927,521,174,137,64,0.2267937393460406,0.33397312859884837
2025-05-27,16437,4450,925,405,314,128,0.27073066861349393,0.43783783783783786
2025-05-28,17065,4374,1043,432,309,125,0.25631409317316145,0.41418983700862894
2025-05-29,17313,4716,1027,443,355,166,0.2723964650840409,0.43135345666991237
2025-05-30,15858,4507,822,363,272,124,0.28420986252995334,0.4416058394160584
2025-05-31,7773,2093,483,196,136,76,0.2692654058921909,0.4057971014492754
2025-06-01,5595,1474,429,169,131,76,0.263449508489723,0.3939393939393939
2025-06-02,15256,3942,836,336,262,120,0.2583901415836392,0.4019138755980861
2025-06-03,17562,4794,961,381,313,137,0.27297574308165357,0.3964620187304891
2025-06-04,17826,4963,1015,426,316,134,0.2784135532368451,0.41970443349753694
2025-06-05,17501,5218,873,370,258,105,0.29815439117764697,0.4238258877434135
2025-06-06,15530,4220,815,333,306,121,0.27173213135866064,0.4085889570552147
2025-06-07,7914,2171,387,158,155,87,0.2743239828152641,0.4082687338501292
2025-06-08,5378,1289,311,141,119,65,0.23968017850502046,0.4533762057877814
2025-06-09,15221,3909,771,265,273,120,0.2568162407200578,0.3437094682230869
2025-06-10,17511,4855,906,379,264,136,0.2772542972988407,0.41832229580573954
2025-06-11,16705,4851,914,378,304,157,0.29039209817419936,0.4135667396061269
2025-06-12,17148,4707,849,358,249,139,0.2744926522043387,0.4216725559481743
2025-06-13,16755,4850,782,372,267,115,0.28946583109519547,0.47570332480818417
2025-06-14,7541,1979,419,141,136,68,0.26243203819122135,0.33651551312649164
2025-06-15,5019,1455,304,111,109,69,0.28989838613269575,0.3651315789473684
2025-06-16,15069,3984,807,332,266,107,0.2643838343619351,0.4114002478314746
2025-06-17,18513,4962,995,385,360,145,0.26802787230594716,0.3869346733668342
2025-06-18,18599,5015,1073,450,379,150,0.2696381525888489,0.4193849021435228
2025-06-19,16848,5120,897,398,259,123,0.30389363722697055,0.443701226309922
2025-06-20,16493,4619,743,370,238,110,0.28005820651185354,0.4979811574697174
2025-06-21,8115,2017,392,170,124,77,0.2485520640788663,0.4336734693877551
2025-06-22,5471,1388,430,128,129,62,0.2537013343081704,0.29767441860465116
2025-06-23,15752,4422,644,293,283,124,0.2807262569832402,0.4549689440993789
2025-06-24,18856,4980,961,368,329,143,0.26410691557064064,0.3829344432882414
2025-06-25,17198,4594,940,356,307,133,0.2671240841958367,0.37872340425531914
2025-06-26,16893,4547,865,310,326,143,0.2691647427928728,0.3583815028901734
2025-06-27,17056,4673,980,384,362,154,0.2739798311444653,0.39183673469387753
2025-06-28,7922,2187,395,158,160,92,0.2760666498359,0.4
2025-06-29,5992,1607,369,151,113,73,0.2681909212283044,0.4092140921409214
2025-06-30,14922,3893,797,254,267,134,0.26088996113121565,0.3186951066499373
2025-07-01,17959,4792,937,340,300,126,0.2668300016704716,0.3628601921024546
2025-07-02,17256,4688,906,335,334,154,0.2716736207695874,0.369757174392936
2025-07-03,17613,4508,862,324,325,127,0.25594731164480783,0.37587006960556846
2025-07-04,13498,3540,445,209,135,84,0.26226107571492074,0.4696629213483146
2025-07-05,6885,1701,401,140,125,76,0.24705882352941178,0.3491271820448878
2025-07-06,5179,1476,328,133,97,65,0.28499710368797065,0.4054878048780488
2025-07-07,15833,4136,793,326,333,156,0.26122655213793977,0.4110970996216898
2025-07-08,18473,5075,983,345,308,132,0.27472527472527475,0.35096642929806715
2025-07-09,19184,5229,1003,418,316,140,0.27257089241034194,0.4167497507477567
2025-07-10,18359,5230,889,368,307,148,0.2848739038073969,0.41394825646794153
2025-07-11,17915,5189,881,361,253,134,0.28964554842310913,0.4097616345062429
2025-07-12,8319,2077,414,188,181,81,0.24966943142204592,0.45410628019323673
2025-07-13,6037,1409,391,166,108,62,0.23339406990226935,0.42455242966751916
2025-07-14,17010,4409,905,357,249,132,0.25920047031158144,0.39447513812154694
2025-07-15,19017,5083,1022,383,358,133,0.267287164116317,0.3747553816046967
2025-07-16,19363,5013,1120,421,378,131,0.25889583225739815,0.37589285714285714
2025-07-17,18840,5059,1070,442,327,142,0.2685244161358811,0.4130841121495327
2025-07-18,17647,4718,927,355,287,130,0.2673542245140817,0.38295577130528585
2025-07-19,9148,2438,490,182,175,91,0.2665063401836467,0.37142857142857144
2025-07-20,6158,1366,335,132,107,70,0.2218252679441377,0.3940298507462687
2025-07-21,16564,4146,879,282,348,139,0.2503018594542381,0.32081911262798635
2025-07-22,19646,5042,960,341,341,167,0.2566425735518681,0.35520833333333335
2025-07-23,20199,5449,1019,409,301,141,0.2697658299915837,0.4013738959764475
2025-07-24,18474,4933,917,333,269,120,0.2670239255169427,0.36314067611777534
2025-07-25,18045,4637,959,336,290,150,0.256968689387642,0.35036496350364965
2025-07-26,8802,2031,440,158,149,78,0.2307430129516019,0.35909090909090907
2025-07-27,5891,1549,381,162,115,76,0.262943473094551,0.4251968503937008
2025-07-28,16609,4601,909,326,365,117,0.27701848395448253,0.3586358635863586
2025-07-29,19928,5585,1093,503,316,147,0.28025893215576075,0.4602012808783166
2025-07-30,19769,5142,1042,407,303,157,0.2601042035510142,0.390595009596929
2025-07-31,19571,5288,1171,446,305,151,0.2701956977160084,0.3808710503842869
2025-08-01,18704,4806,927,367,253,132,0.2569503849443969,0.3959007551240561
2025-08-02,8703,1937,461,171,145,73,0.22256693094335286,0.37093275488069416
2025-08-03,5966,1491,335,150,116,75,0.2499161917532685,0.44776119402985076
2025-08-04,17158,4361,848,324,284,132,0.2541671523487586,0.38207547169811323
2025-08-05,20833,5282,1092,453,305,138,0.25354005664090623,0.41483516483516486
2025-08-06,21621,5712,1171,502,317,141,0.26418759539336756,0.4286934244235696
2025-08-07,20644,5507,1000,433,286,171,0.26676031776787446,0.433
2025-08-08,19795,4986,1093,475,308,138,0.25188178833038644,0.434583714547118
2025-08-09,9129,2142,428,178,190,85,0.2346368715083799,0.4158878504672897
2025-08-10,5302,1373,269,143,97,68,0.25895888344021123,0.5315985130111525
2025-08-11,18157,4365,883,396,332,136,0.2404031503001597,0.44847112117780297
2025-08-12,21384,5519,1071,428,326,149,0.2580901608679386,0.3996265172735761
2025-08-13,21441,5581,996,455,317,118,0.26029569516347184,0.4568273092369478
2025-08-14,20277,5423,972,432,355,154,0.26744587463628744,0.4444444444444444
2025-08-15,19545,5624,965,445,293,139,0.28774622665643385,0.46113989637305697
2025-08-16,8441,2301,408,160,159,97,0.2725980334083639,0.39215686274509803
2025-08-17,5333,1440,305,132,88,58,0.27001687605475344,0.43278688524590164
2025-08-18,18655,4543,859,328,302,166,0.24352720450281426,0.3818393480791618
2025-08-19,20410,3201,1002,335,345,151,0.15683488486036257,0.3343313373253493
2025-08-20,21618,3489,1112,456,350,131,0.1613932833749653,0.41007194244604317
2025-08-21,21293,3801,1055,455,245,135,0.178509369276288,0.4312796208530806
2025-08-22,19611,3353,936,402,304,138,0.17097547294885523,0.42948717948717946
2025-08-23,8807,1369,450,183,152,80,0.15544453275803338,0.4066666666666667
2025-08-24,6025,1049,304,100,99,64,0.1741078838174274,0.32894736842105265
2025-08-25,18975,3221,1000,337,347,121,0.16974967061923585,0.337
2025-08-26,21781,3927,1273,605,372,201,0.1802947523070566,0.4752553024351925
2025-08-27,21712,3732,1281,518,299,138,0.17188651436993369,0.40437158469945356
2025-08-28,21086,3612,1269,493,342,160,0.1712984918903538,0.38849487785658
2025-08-29,19661,3375,1030,382,315,165,0.17165963074106097,0.37087378640776697
2025-08-30,8147,1426,522,236,180,89,0.17503375475635202,0.4521072796934866
2025-08-31,5356,917,309,136,96,58,0.171209858103062,0.4401294498381877
2025-09-01,14803,2131,630,167,135,70,0.1439573059514963,0.2650793650793651
2025-09-02,20253,3466,991,364,325,169,0.17113514047301634,0.36730575176589303
2025-09-03,21296,3610,1055,389,332,164,0.1695154019534185,0.3687203791469194
2025-09-04,21868,3829,1025,475,340,173,0.17509603072983354,0.4634146341463415
2025-09-05,21278,3767,1140,522,358,169,0.17703731553717456,0.45789473684210524
2025-09-06,9861,1556,647,214,173,89,0.15779332724875772,0.33075734157650694
2025-09-07,6156,1031,353,149,107,64,0.1674788823911631,0.42209631728045327
2025-09-08,18366,3284,928,354,300,162,0.1788086681912229,0.38146551724137934
2025-09-09,21404,3709,1058,415,369,174,0.17328536722108018,0.39224952741020797
2025-09-10,21193,3661,1320,516,317,153,0.1727457179257302,0.39090909090909093
2025-09-11,20815,3305,1153,348,337,159,0.15877972615901995,0.3018213356461405
2025-09-12,19369,3354,1246,437,289,126,0.1731633021839021,0.3507223113964687
2025-09-13,9070,1243,635,167,123,70,0.137045203969129,0.262992125984252
2025-09-14,5615,889,295,111,82,60,0.15832591273374888,0.376271186440678
2025-09-15,18241,2452,869,287,312,124,0.13442245490927032,0.3302646720368239
2025-09-16,21556,2858,1085,357,373,155,0.13258489515680089,0.32903225806451614
2025-09-17,21188,3416,1227,471,359,181,0.16122333396262034,0.38386308068459657
2025-09-18,21752,3904,1191,510,407,211,0.17947774917248988,0.4282115869017632
2025-09-19,19337,2276,980,293,339,133,0.11770181517298443,0.29897959183673467
2025-09-20,8744,216,490,34,142,15,0.024702653247941447,0.06938775510204082
2025-09-21,6855,1016,259,141,142,71,0.14821298322392415,0.5444015444015444
2025-09-22,19434,3276,1000,319,329,180,0.1685705464649583,0.319
2025-09-23,20949,4031,1165,494,405,204,0.19241968590386177,0.4240343347639485
2025-09-24,21973,3807,1191,521,421,210,0.17325808947344468,0.4374475230898405
2025-09-25,20585,3479,1042,381,409,165,0.16900655817342725,0.3656429942418426
2025-09-26,19100,3434,1125,405,407,180,0.17979057591623038,0.36
2025-09-27,8489,1291,455,182,151,85,0.1520791612675227,0.4
2025-09-28,6095,864,329,134,122,69,0.14175553732567678,0.4072948328267477
2025-09-29,17885,3097,861,322,301,135,0.17316186748672072,0.37398373983739835
2025-09-30,20320,3408,1071,385,298,145,0.16771653543307086,0.35947712418300654
2025-10-01,21547,3699,1090,466,326,164,0.17167123033368914,0.42752293577981654
2025-10-02,20165,3707,1017,343,313,174,0.18383337465906274,0.33726647000983284
2025-10-03,19604,3156,925,331,266,141,0.16098755356049785,0.35783783783783785
2025-10-04,8212,40,483,14,134,1,0.004870920603994155,0.028985507246376812
2025-10-05,5043,666,290,105,101,51,0.132064247471743,0.3620689655172414
2025-10-06,19219,3279,830,281,223,102,0.1706124147978563,0.3385542168674699
2025-10-07,22316,2259,1019,191,285,98,0.10122781860548485,0.1874386653581943
2025-10-08,22556,3517,1027,319,297,130,0.15592303599929067,0.31061343719571566
2025-10-09,21690,3404,1102,281,323,126,0.15693868142000922,0.25499092558983666
2025-10-10,19969,1237,879,91,269,70,0.06194601632530422,0.10352673492605233
2025-10-11,7893,43,459,7,97,6,0.005447865197010009,0.015250544662309368
2025-10-12,5154,750,364,120,88,45,0.14551804423748546,0.32967032967032966
2025-10-13,18395,3089,914,240,216,126,0.1679260668659962,0.26258205689277897
2025-10-14,21707,3717,1143,402,304,153,0.17123508545630442,0.35170603674540685
2025-10-15,20908,3334,975,326,296,153,0.15946049359096998,0.3343589743589744
2025-10-16,21209,3240,988,335,287,132,0.15276533547079071,0.3390688259109312
2025-10-17,20964,3438,967,297,273,139,0.1639954207212364,0.30713547052740436
2025-10-18,8393,562,509,63,137,27,0.0669605623734064,0.1237721021611002
2025-10-19,5754,957,366,103,119,50,0.16631908237747653,0.2814207650273224
2025-10-20,17430,2786,871,295,193,129,0.1598393574297189,0.338691159586682
2025-10-21,21052,3084,954,307,268,115,0.14649439483184495,0.3218029350104822
2025-10-22,20550,3188,1019,320,302,135,0.1551338199513382,0.3140333660451423
2025-10-23,20362,3142,867,251,280,141,0.15430704253020333,0.2895040369088812
2025-10-24,19150,2867,756,221,244,107,0.14971279373368146,0.2923280423280423
2025-10-25,7527,645,369,71,143,36,0.08569151056197688,0.19241192411924118
2025-10-26,5729,776,335,101,103,44,0.13545121312620004,0.30149253731343284
2025-10-27,18730,3017,910,251,311,148,0.1610784837159637,0.27582417582417584
2025-10-28,20674,3333,994,251,300,150,0.16121698752055721,0.25251509054325955
2025-10-29,19689,3043,1142,281,312,171,0.15455330387526028,0.24605954465849386
2025-10-30,20066,3365,1025,299,315,172,0.16769660121598723,0.2917073170731707
2025-10-31,18129,2821,958,238,288,145,0.15560703844668763,0.24843423799582465
2025-11-01,8194,1085,500,123,123,67,0.1324139614351965,0.246
2025-11-02,4960,737,300,116,88,58,0.14858870967741936,0.38666666666666666
2025-11-03,17609,2998,894,276,266,147,0.1702538474643648,0.3087248322147651
2025-11-04,21072,3531,1099,322,289,165,0.16756833712984054,0.2929936305732484
2025-11-05,20865,3227,1074,283,314,141,0.15466091540857896,0.2635009310986965
2025-11-06,21129,3167,1116,261,294,137,0.1498887784561503,0.23387096774193547
2025-11-07,19699,3203,950,225,219,118,0.1625970861465049,0.23684210526315788
2025-11-08,9345,1373,736,114,123,68,0.1469234884965222,0.15489130434782608
2025-11-09,5920,948,475,179,117,87,0.16013513513513514,0.37684210526315787
2025-11-10,17945,2918,892,283,291,148,0.1626079687935358,0.3172645739910314
2025-11-11,20330,3391,1125,322,265,150,0.16679783571077225,0.2862222222222222
2025-11-12,21981,3857,1248,409,272,157,0.175469723852418,0.327724358974359
2025-11-13,22234,3806,1195,366,351,184,0.17117927498425833,0.30627615062761504
2025-11-14,21486,3579,1187,412,346,188,0.16657358279810108,0.34709351305812974
2025-11-15,11362,1639,591,190,173,101,0.1442527723992255,0.32148900169204736
2025-11-16,6849,1074,386,144,150,89,0.15681121331581252,0.37305699481865284
2025-11-17,19582,3232,984,289,286,147,0.16504953528750893,0.2936991869918699
2025-11-18,23314,3993,1111,362,295,168,0.17127048125589775,0.3258325832583258
2025-11-19,23213,3737,1143,371,302,171,0.1609873777624607,0.32458442694663164
2025-11-20,23320,3987,1132,295,280,157,0.17096912521440824,0.26060070671378094
2025-11-21,22767,3706,1106,329,293,149,0.16277946150129574,0.2974683544303797
2025-11-22,11430,589,680,70,184,45,0.05153105861767279,0.10294117647058823
2025-11-23,6537,1073,429,144,117,77,0.16414257304573965,0.3356643356643357
2025-11-24,20431,3074,1004,318,229,133,0.15045763790318634,0.31673306772908366
2025-11-25,22684,3628,1245,311,292,164,0.15993651913242815,0.2497991967871486
2025-11-26,22513,3293,1169,363,278,155,0.1462710433971483,0.3105218135158255
2025-11-27,16780,2535,526,145,156,85,0.15107270560190703,0.27566539923954375
2025-11-28,17546,2736,548,195,181,88,0.1559329761769064,0.35583941605839414
2025-11-29,9353,1269,420,124,158,60,0.135678391959799,0.29523809523809524
2025-11-30,6208,746,445,132,129,50,0.12016752577319588,0.2966292134831461
2025-12-01,20262,3519,860,315,285,149,0.1736748593426118,0.36627906976744184
2025-12-02,23601,3979,1190,386,381,222,0.16859455107834415,0.3243697478991597
2025-12-03,22814,3971,1334,371,311,169,0.17405978784956605,0.27811094452773616
2025-12-04,22185,3874,1267,463,307,162,0.174622492675231,0.3654301499605367
2025-12-05,21675,967,1090,107,241,38,0.04461361014994233,0.0981651376146789
2025-12-06,10577,25,734,6,174,4,0.0023636191736787367,0.008174386920980926
2025-12-07,6070,765,419,110,134,64,0.12602965403624383,0.26252983293556087
2025-12-08,18687,3060,1010,292,239,140,0.16375020067426554,0.2891089108910891
2025-12-09,24000,4422,1512,463,310,164,0.18425,0.3062169312169312
2025-12-10,23583,644,1335,80,290,36,0.02730780647076284,0.0599250936329588
2025-12-11,22951,26,1354,10,289,4,0.0011328482419066708,0.007385524372230428
2025-12-12,21215,52,1294,18,274,7,0.0024510959226962054,0.013910355486862442
2025-12-13,10497,26,707,12,168,2,0.002476898161379442,0.016973125884016973
2025-12-14,5304,713,348,90,140,62,0.13442684766214177,0.25862068965517243
2025-12-15,18456,3117,1002,311,302,174,0.16888816644993498,0.31037924151696605
2025-12-16,22814,2943,1484,290,323,162,0.1289997370035943,0.1954177897574124
2025-12-17,21747,51,1178,19,349,6,0.0023451510553179748,0.016129032258064516
2025-12-18,20678,2912,1253,304,308,142,0.14082599864590387,0.24261771747805266
2025-12-19,20629,817,1127,81,283,46,0.039604440350962236,0.07187222715173026
2025-12-20,10171,20,752,7,164,2,0.001966374987710156,0.009308510638297872
2025-12-21,5742,779,402,103,119,65,0.1356670149773598,0.2562189054726368
2025-12-22,18388,2966,1148,271,315,156,0.16130084837937786,0.23606271777003485
2025-12-23,21118,3399,1289,298,299,160,0.1609527417369069,0.23118696664080682
2025-12-24,10662,1734,579,161,203,114,0.1626336522228475,0.27806563039723664
2025-12-25,6654,1100,268,136,115,64,0.1653140967838894,0.5074626865671642
2025-12-26,16500,2637,663,238,229,138,0.15981818181818183,0.358974358974359
2025-12-27,10603,1614,541,167,178,114,0.15222106950862963,0.30868761552680224
2025-12-28,6762,1337,388,129,139,74,0.19772256728778467,0.3324742268041237
2025-12-29,18231,3124,1082,269,333,184,0.17135648071965334,0.24861367837338263
2025-12-30,20229,1132,1083,319,351,196,0.05595926639972317,0.2945521698984303
2025-12-31,9669,785,586,200,306,162,0.08118729961733374,0.3412969283276451
2026-01-01,9143,614,624,251,179,99,0.06715520069998906,0.40224358974358976
2026-01-02,17375,940,1106,273,344,185,0.05410071942446043,0.2468354430379747
2026-01-03,11150,619,645,178,195,112,0.05551569506726457,0.27596899224806204
2026-01-04,6809,207,465,65,187,40,0.030400939932442354,0.13978494623655913
2026-01-05,18895,299,939,77,356,56,0.015824292140777983,0.08200212992545261
2026-01-06,24457,913,1334,296,412,167,0.03733082553052296,0.22188905547226387
2026-01-07,24691,1017,1400,324,352,178,0.04118909724191001,0.23142857142857143
2026-01-08,24702,1028,1273,323,329,158,0.04161606347664157,0.2537313432835821
2026-01-09,23328,910,1332,296,364,145,0.03900891632373114,0.2222222222222222
2026-01-10,10571,44,639,13,191,8,0.004162330905306972,0.02034428794992175
2026-01-11,6505,376,406,108,154,65,0.05780169100691775,0.2660098522167488
2026-01-12,20386,966,1224,329,324,143,0.0473854606102227,0.2687908496732026
2026-01-13,23413,1195,1307,391,392,198,0.051040020501430826,0.2991583779648049
2026-01-14,22701,915,1289,331,386,142,0.040306594423153166,0.25678820791311097
2026-01-15,22551,253,1277,96,357,33,0.011219014677841338,0.07517619420516837
2026-01-16,21333,69,1167,23,377,17,0.0032344255378990295,0.01970865467009426
2026-01-17,10418,43,696,15,230,6,0.004127471683624496,0.021551724137931036
2026-01-18,6569,343,386,95,197,70,0.05221494900289237,0.24611398963730569
2026-01-19,17445,660,964,256,267,109,0.037833190025795355,0.26556016597510373
2026-01-20,21612,978,1216,339,354,172,0.04525263742365353,0.2787828947368421
2026-01-21,21602,1150,1271,403,396,197,0.05323581149893528,0.3170731707317073
2026-01-22,21859,1149,1209,372,378,191,0.052564161215060155,0.3076923076923077
2026-01-23,21244,1026,1197,373,336,162,0.04829598945584636,0.3116123642439432
2026-01-24,10615,663,716,205,239,123,0.06245878473857749,0.28631284916201116
2026-01-25,6790,518,419,166,167,88,0.07628865979381444,0.39618138424821003
2026-01-26,18076,1016,1116,336,338,176,0.05620712547023678,0.3010752688172043
2026-01-27,23292,1114,1291,368,341,188,0.04782758028507642,0.28505034856700234
2026-01-28,22135,1112,1293,369,360,185,0.050237180935170545,0.2853828306264501
2026-01-29,21759,1114,1158,363,384,198,0.0511972057539409,0.3134715025906736
2026-01-30,20220,930,1171,326,370,167,0.04599406528189911,0.2783945345858241
2026-01-31,9617,46,484,15,260,10,0.0047831964230009355,0.030991735537190084
2026-02-01,6240,31,498,15,179,2,0.004967948717948718,0.030120481927710843
2026-02-02,18712,395,1084,154,317,59,0.021109448482257376,0.14206642066420663
2026-02-03,22057,865,1323,328,370,124,0.03921657523688625,0.24792139077853365
2026-02-04,21726,553,1379,186,388,90,0.02545337383779803,0.1348803480783176
2026-02-05,22818,811,1298,305,344,132,0.035542115873433255,0.2349768875192604
2026-02-06,21517,53,1166,20,307,5,0.0024631686573407074,0.017152658662092625
2026-02-07,9821,19,681,8,169,4,0.0019346298747581713,0.011747430249632892
2026-02-08,6384,345,416,114,164,63,0.05404135338345865,0.27403846153846156
2026-02-09,18797,736,981,210,298,134,0.039155184337926266,0.21406727828746178
2026-02-10,23311,347,1248,106,336,50,0.014885676290163442,0.08493589743589744
2026-02-11,22523,335,1231,127,290,47,0.014873684677884828,0.10316815597075549
2026-02-12,21797,559,1162,179,342,104,0.025645731063907877,0.1540447504302926
2026-02-13,20169,20,888,9,280,5,0.0009916208042044722,0.010135135135135136
2026-02-14,8729,8,466,5,170,0,0.0009164852789552068,0.01072961373390558
2026-02-15,4999,297,312,98,125,64,0.059411882376475295,0.3141025641025641
2026-02-16,17439,791,916,343,207,120,0.0453581053959516,0.37445414847161573
2026-02-17,21988,871,1051,310,275,150,0.03961251591777333,0.2949571836346337
2026-02-18,22655,510,1127,174,300,80,0.022511586846170824,0.1543921916592724
2026-02-19,23065,802,996,295,305,135,0.03477129850422719,0.2961847389558233
2026-02-20,22268,588,1210,218,274,91,0.026405604454823064,0.18016528925619835
2026-02-21,9945,499,593,158,169,92,0.05017596782302665,0.26644182124789206
2026-02-22,6266,439,382,130,154,100,0.07006064474944143,0.3403141361256545
2026-02-23,19617,313,1112,100,253,51,0.015955548758729673,0.08992805755395683
2026-02-24,24419,870,1427,369,309,107,0.035627994594373234,0.2585844428871759
2026-02-25,24314,724,1429,314,306,109,0.0297770831619643,0.21973407977606718
2026-02-26,22774,234,1135,68,274,43,0.010274874857293404,0.05991189427312775
2026-02-27,21930,65,1265,19,319,13,0.0029639762881896944,0.015019762845849802
2026-02-28,10840,44,621,15,177,9,0.004059040590405904,0.024154589371980676
2026-03-01,6943,408,492,176,141,61,0.05876422295837534,0.35772357723577236
2026-03-02,19893,1046,1293,474,271,157,0.05258131000854572,0.3665893271461717
2026-03-03,24470,1156,1439,504,306,167,0.047241520228851655,0.3502432244614315
2026-03-04,25500,1218,1408,512,314,176,0.04776470588235294,0.36363636363636365
2026-03-05,25455,1141,1295,460,298,171,0.04482419956786486,0.3552123552123552
2026-03-06,24045,1098,1388,442,293,164,0.045664379288833434,0.3184438040345821
2026-03-07,10924,586,526,148,192,110,0.05364335408275357,0.2813688212927757
2026-03-08,6576,484,547,162,161,103,0.07360097323600973,0.2961608775137112
2026-03-09,21418,991,1231,399,279,143,0.04626949294985526,0.3241267262388302
2026-03-10,25225,1223,1521,480,301,160,0.04848364717542121,0.3155818540433925
2026-03-11,26071,1198,1416,493,334,179,0.04595144029764873,0.3481638418079096
2026-03-12,24774,1146,1268,437,314,173,0.04625817389198353,0.34463722397476343
2026-03-13,24583,336,1272,102,275,55,0.013667981938738152,0.08018867924528301
2026-03-14,11515,36,456,13,171,4,0.003126356925749023,0.02850877192982456
2026-03-15,7322,367,455,117,158,82,0.05012291723572794,0.2571428571428571
2026-03-16,21323,505,1216,179,298,85,0.023683346621019556,0.14720394736842105
2026-03-17,27183,829,1450,350,328,116,0.03049700180259721,0.2413793103448276
2026-03-18,26112,1117,1361,429,325,169,0.042777267156862746,0.3152094048493755
2026-03-19,26592,402,1280,139,332,64,0.015117328519855595,0.10859375
2026-03-20,24938,47,1253,16,303,6,0.0018846739914989174,0.012769353551476457
2026-03-21,10355,39,549,12,171,4,0.003766296475132786,0.02185792349726776
2026-03-22,6108,363,356,120,150,62,0.059430255402750494,0.33707865168539325
2026-03-23,21258,851,1152,329,302,138,0.040031987957474834,0.2855902777777778
2026-03-24,26669,814,1515,362,340,123,0.030522329296186583,0.23894389438943894
2026-03-25,26565,561,1380,196,323,75,0.02111801242236025,0.14202898550724638
2026-03-26,26032,1131,1405,395,329,174,0.043446527350952675,0.28113879003558717
2026-03-27,24206,229,1402,61,352,43,0.009460464347682393,0.043509272467902996
2026-03-28,10433,33,639,14,190,4,0.0031630403527269243,0.02190923317683881
2026-03-29,6434,369,388,133,158,79,0.05735156978551446,0.3427835051546392
2026-03-30,20690,924,1062,304,286,154,0.044659255679072016,0.2862523540489642
2026-03-31,25333,992,1255,305,330,161,0.03915840997907867,0.24302788844621515
2026-04-01,25697,889,1186,289,336,146,0.0345954780713702,0.2436762225969646
2026-04-02,25175,536,1167,167,299,66,0.0212909632571996,0.143101970865467
2026-04-03,23159,58,1036,29,285,5,0.002504425925126301,0.027992277992277992
2026-04-04,11175,44,570,22,196,7,0.003937360178970917,0.03859649122807018
2026-04-05,5293,346,341,105,132,61,0.06536935575288116,0.30791788856304986
2026-04-06,20611,939,1111,295,303,168,0.045558197079229534,0.26552655265526554
2026-04-07,26744,996,1281,311,331,164,0.03724199820520491,0.2427790788446526
2026-04-08,26975,1125,1380,368,335,178,0.04170528266913809,0.26666666666666666
2026-04-09,26109,1006,1192,302,329,176,0.03853077482860316,0.2533557046979866
2026-04-10,25008,877,1133,262,283,136,0.03506877799104287,0.23124448367166814
2026-04-11,11865,530,491,159,170,114,0.044669195111672985,0.32382892057026474
2026-04-12,6494,406,340,112,147,88,0.06251924853711117,0.32941176470588235
2026-04-13,20627,926,1102,267,295,153,0.04489261647355408,0.2422867513611615
2026-04-14,26452,1091,1212,376,317,173,0.04124451837290186,0.3102310231023102
2026-04-15,25760,1084,1244,384,298,150,0.042080745341614906,0.3086816720257235
2026-04-16,24974,751,1034,221,348,142,0.030071274125090093,0.2137330754352031
2026-04-17,23403,29,1051,15,314,2,0.0012391573729863693,0.014272121788772598
2026-04-18,11436,18,611,11,140,3,0.0015739769150052466,0.01800327332242226
2026-04-19,6223,282,335,84,136,60,0.04531576410091596,0.2507462686567164
2026-04-20,20838,809,897,258,274,132,0.03882330357999808,0.28762541806020064
2026-04-21,28231,1127,1236,378,376,199,0.039920654599553684,0.3058252427184466
2026-04-22,27631,1010,1083,319,321,165,0.0365531468278383,0.2945521698984303
2026-04-23,26085,931,1015,281,314,165,0.03569101015909527,0.2768472906403941
2026-04-24,24819,832,1020,244,320,169,0.03352270437970909,0.23921568627450981
2026-04-25,11477,22,376,10,177,2,0.0019168772327263221,0.026595744680851064
2026-04-26,6252,441,370,137,157,92,0.07053742802303263,0.37027027027027026
2026-04-27,21224,962,1006,339,289,155,0.04532604598567659,0.33697813121272363
2026-04-28,26169,1022,1023,339,322,171,0.039053842332530855,0.3313782991202346
2026-04-29,26520,1012,1131,296,348,183,0.03815987933634993,0.26171529619805484
2026-04-30,25867,951,1063,262,337,180,0.03676499014187962,0.2464722483537159
2026-05-01,24759,406,1121,108,298,69,0.016398077466779758,0.09634255129348795
2026-05-02,11585,29,611,20,217,5,0.0025032369443245576,0.03273322422258593
2026-05-03,6431,361,333,91,160,83,0.05613434924584046,0.2732732732732733
2026-05-04,21615,862,992,300,295,140,0.03987971316215591,0.3024193548387097
2026-05-05,25984,919,1110,302,340,156,0.03536791871921182,0.27207207207207207
2026-05-06,26395,739,1172,237,304,117,0.027997726842204963,0.2022184300341297
2026-05-07,26109,666,1147,192,304,121,0.0255084453636677,0.16739319965126417
2026-05-08,25211,45,1185,18,284,9,0.0017849351473563128,0.015189873417721518
2026-05-09,12173,49,522,17,180,8,0.0040253018976423235,0.032567049808429116
2026-05-10,5022,31,214,13,96,6,0.006172839506172839,0.06074766355140187
2026-05-11,21073,522,1022,187,287,91,0.024771034024581216,0.18297455968688844
2026-05-12,27572,581,1305,181,367,100,0.02107210213259829,0.13869731800766283
2026-05-13,26603,898,1201,313,315,153,0.03375559147464572,0.26061615320566195
2026-05-14,26898,1008,1186,356,298,161,0.03747490519741245,0.30016863406408095
2026-05-15,25994,451,1110,159,306,60,0.017350157728706624,0.14324324324324325
2026-05-16,11858,38,428,14,152,3,0.0032045876201720357,0.03271028037383177
2026-05-17,6198,341,334,108,110,62,0.05501774766053566,0.32335329341317365
2026-05-18,21146,969,1042,323,300,151,0.04582426936536461,0.30998080614203455
2026-05-19,26222,1034,1244,327,344,205,0.039432537563877657,0.2628617363344051
2026-05-20,25870,962,1032,296,369,183,0.0371859296482412,0.2868217054263566
2026-05-21,26879,981,1149,302,319,167,0.03649689348562075,0.2628372497824195
2026-05-22,26259,332,1120,106,273,54,0.012643284207319395,0.09464285714285714
2026-05-23,12196,43,520,15,183,7,0.003525746146277468,0.028846153846153848
2026-05-24,6651,337,294,87,122,61,0.05066907231995189,0.29591836734693877
2026-05-25,19847,580,923,206,142,95,0.0292235602358039,0.22318526543878656
2026-05-26,25903,948,1267,344,284,164,0.036598077442767246,0.27150749802683505
2026-05-27,26935,1135,1208,356,356,210,0.042138481529608314,0.2947019867549669
2026-05-28,26210,1113,1299,396,336,179,0.042464708126669214,0.30484988452655887
2026-05-29,25514,751,1052,214,282,128,0.029434820098769302,0.20342205323193915
2026-05-30,13012,41,490,3,167,18,0.0031509375960651707,0.006122448979591836
2026-05-31,5816,356,358,132,129,69,0.061210453920220086,0.3687150837988827
2026-06-01,22340,904,998,272,270,152,0.04046553267681289,0.2725450901803607
2026-06-02,26200,751,1102,248,312,129,0.02866412213740458,0.2250453720508167
2026-06-03,27087,392,1181,105,303,73,0.014471886883006609,0.08890770533446232
2026-06-04,23915,48,895,17,310,12,0.002007108509303784,0.01899441340782123
2026-06-05,24612,39,1146,14,279,8,0.0015845928815212092,0.012216404886561954
2026-06-06,11248,320,542,86,179,68,0.02844950213371266,0.15867158671586715
2026-06-07,6729,382,492,106,134,82,0.056769207906078166,0.21544715447154472
2026-06-08,21886,808,1044,280,276,131,0.03691857808644796,0.2681992337164751
2026-06-09,26313,980,1245,358,277,169,0.037243947858473,0.28755020080321286
2026-06-10,26510,975,1228,312,270,142,0.03677857412297246,0.254071661237785
2026-06-11,25991,974,1191,317,295,170,0.03747451040744873,0.2661628883291352
2026-06-12,25186,743,917,203,251,115,0.0295005161597713,0.22137404580152673
2026-06-13,11949,15,427,5,193,2,0.0012553351744915891,0.0117096018735363
2026-06-14,6461,335,286,92,134,56,0.05184955889181241,0.32167832167832167
2026-06-15,21232,689,989,215,273,111,0.03245101733232856,0.21739130434782608
2026-06-16,26572,888,1153,274,307,136,0.033418636158362186,0.23764093668690373
2026-06-17,26447,962,1251,288,288,162,0.036374636064581994,0.2302158273381295
2026-06-18,26744,771,1169,269,269,110,0.02882889620101705,0.23011120615911035
2026-06-19,24644,26,1132,14,224,7,0.0010550235351403992,0.012367491166077738
2026-06-20,11861,21,401,5,137,5,0.0017705083888373662,0.012468827930174564
2026-06-21,5688,252,305,53,117,52,0.04430379746835443,0.1737704918032787
2026-06-22,20735,870,968,254,288,163,0.04195804195804196,0.26239669421487605
2026-06-23,26614,838,1135,242,367,163,0.031487187194709554,0.213215859030837
2026-06-24,26350,863,1114,246,269,127,0.032751423149905125,0.22082585278276481
2026-06-25,25676,922,1146,308,273,137,0.03590902009658825,0.268760907504363
2026-06-26,24153,213,983,59,272,35,0.008818780275742144,0.06002034587995931
2026-06-27,11498,15,632,3,157,7,0.0013045747086449816,0.004746835443037975
2026-06-28,6435,351,352,100,159,70,0.05454545454545454,0.2840909090909091
2026-06-29,22273,803,1022,178,267,130,0.036052619763839625,0.17416829745596868
2026-06-30,27445,670,1183,175,303,116,0.024412461286208782,0.14792899408284024
2026-07-01,25465,782,1039,213,309,112,0.030708816021990968,0.20500481231953802
2026-07-02,25537,869,978,262,269,142,0.03402905587970396,0.26789366053169733
2026-07-03,23026,547,938,169,233,96,0.023755754364631287,0.18017057569296374
2026-07-04,10677,117,412,32,126,23,0.010958134307389716,0.07766990291262135
2026-07-05,5951,342,224,76,99,57,0.057469332885229374,0.3392857142857143
2026-07-06,21592,824,840,183,278,164,0.0381622823267877,0.21785714285714286
2026-07-07,27033,869,1010,283,300,126,0.0321458957570377,0.2801980198019802
2026-07-08,27471,866,1058,234,339,158,0.031524152742892504,0.22117202268431002
2026-07-09,27116,373,929,98,294,57,0.013755716182327777,0.1054897739504844
2026-07-10,26324,2,960,0,272,0,7.59762953958365e-05,0.0
2026-07-11,12119,2,443,1,161,0,0.00016503011799653437,0.002257336343115124
2026-07-12,6314,304,353,76,140,66,0.04814697497624327,0.21529745042492918
2026-07-13,21808,838,925,221,297,149,0.03842626559060895,0.23891891891891892
2026-07-14,27308,990,1011,312,290,133,0.036253112640984325,0.3086053412462908
2026-07-15,26949,511,1069,149,357,111,0.018961742550744,0.13938260056127222
2026-07-16,26510,261,1092,50,315,65,0.00984534138061109,0.045787545787545784
2026-07-17,26244,27,763,8,321,10,0.00102880658436214,0.010484927916120577
2026-07-18,12575,2,426,0,179,0,0.00015904572564612326,0.0
2026-07-19,6231,69,302,12,129,16,0.011073663938372653,0.039735099337748346
2026-07-20,23457,250,880,61,288,56,0.010657799377584517,0.06931818181818182
2026-07-21,28967,200,957,46,324,48,0.006904408464804778,0.04806687565308255
2026-07-22,28455,223,1053,74,331,49,0.007836935512212265,0.07027540360873694
2026-07-23,28417,181,976,41,281,35,0.006369426751592357,0.042008196721311473
2026-07-24,27130,0,869,0,279,0,0.0,0.0
2026-07-25,12232,19,415,5,151,6,0.001553302812295618,0.012048192771084338
2026-07-26,6473,64,239,10,118,20,0.009887223852927545,0.04184100418410042
2026-07-27,22862,98,905,21,299,31,0.004286589099816289,0.023204419889502764
2026-07-28,25984,206,850,47,328,58,0.007927955665024631,0.05529411764705883
2026-07-29,28077,166,1000,43,314,34,0.005912312569006661,0.043
2026-07-30,27930,0,844,0,317,0,0.0,0.0
2026-07-31,25802,0,889,0,289,0,0.0,0.0
2026-08-01,11077,0,317,0,149,0,0.0,0.0
2026-08-02,6387,0,265,0,126,0,0.0,0.0
2026-08-03,21190,0,683,0,303,0,0.0,0.0
2026-08-04,27669,0,833,0,316,0,0.0,0.0
2026-08-05,28656,0,904,0,319,0,0.0,0.0
2026-08-06,25868,0,840,0,276,0,0.0,0.0
2026-08-07,25735,0,692,0,266,0,0.0,0.0
2026-08-08,12099,0,448,0,184,0,0.0,0.0
2026-08-09,6355,0,308,0,129,0,0.0,0.0
2026-08-10,22954,0,825,0,274,0,0.0,0.0
2026-08-11,31102,1,987,0,338,0,3.2152273165712814e-05,0.0
2026-08-12,28816,0,999,0,308,0,0.0,0.0
2026-08-13,29335,0,925,0,311,0,0.0,0.0
2026-08-14,28065,0,731,0,298,0,0.0,0.0
2026-08-15,13200,0,307,0,215,0,0.0,0.0
2026-08-16,5945,0,326,0,159,0,0.0,0.0
2026-08-17,22799,0,687,0,299,0,0.0,0.0
2026-08-18,30321,0,819,0,345,0,0.0,0.0
2026-08-19,30798,0,927,0,337,0,0.0,0.0
2026-08-20,30280,0,793,0,335,0,0.0,0.0
2026-08-21,28623,0,742,0,303,0,0.0,0.0
2026-08-22,12917,0,345,0,196,0,0.0,0.0
2026-08-23,6566,0,311,0,130,0,0.0,0.0
2026-08-24,24431,0,803,0,299,0,0.0,0.0
2026-08-25,30538,0,926,0,368,0,0.0,0.0
2026-08-26,29517,0,811,0,336,0,0.0,0.0
2026-08-27,28573,0,878,0,321,0,0.0,0.0
2026-08-28,26962,0,776,0,324,0,0.0,0.0
2026-08-29,12896,0,369,0,172,0,0.0,0.0
2026-08-30,5547,0,248,0,102,0,0.0,0.0
2026-08-31,21919,0,573,0,158,0,0.0,0.0
