month,total_records,nonempty_narratives,debt_records,debt_narratives,credit_card_records,credit_card_narratives,narrative_fraction,debt_narrative_fraction
2023-09,112887,42517,5298,2679,4918,3175,0.3766332704385802,0.5056625141562854
2023-10,117420,43349,5450,2774,5810,3423,0.36917901549991483,0.5089908256880734
2023-11,113365,38894,5566,3023,5153,2813,0.3430864905394081,0.5431189363995688
2023-12,123066,40851,6137,3304,4776,2706,0.3319438350153576,0.5383737982727718
2024-01,143365,43920,7175,3986,5247,2917,0.30635092247061696,0.5555400696864111
2024-02,157614,48111,8772,4301,5182,2891,0.3052457269024325,0.4903100775193798
2024-03,177815,61162,12354,6829,5889,3484,0.34396423248882263,0.5527764286870649
2024-04,191120,63970,12912,7476,6676,3793,0.33471117622436164,0.578996282527881
2024-05,211961,71313,12426,6540,6760,3580,0.336443968465897,0.5263157894736842
2024-06,204168,68200,11099,5581,5535,2484,0.3340386348497316,0.5028380935219389
2024-07,232654,72849,12149,5450,6192,2542,0.31312163126359316,0.44859659231212445
2024-08,263816,75894,14171,6026,7355,2784,0.28767777541923156,0.4252346341119187
2024-09,264821,74366,15475,5725,7185,2681,0.2808160984211977,0.36995153473344106
2024-10,295877,79684,17482,6671,7176,2768,0.26931461384291444,0.3815924951378561
2024-11,287077,73591,15454,5516,6095,2630,0.25634585842822655,0.3569302445968681
2024-12,303981,81325,16425,6190,6697,2897,0.267533168191433,0.37686453576864537
2025-01,475783,172937,23830,8738,9073,3992,0.3634787287481898,0.36668065463701216
2025-02,335236,92468,17032,6550,6213,2966,0.27582956484387117,0.3845702207609206
2025-03,396973,105164,20369,7671,6255,2971,0.26491474231244944,0.37660169865972803
2025-04,406100,104983,20304,8729,6897,2986,0.25851514405318887,0.4299152876280536
2025-05,415182,106947,21959,9294,7515,3342,0.25759064699336676,0.4232433170909422
2025-06,412161,112685,21860,8825,7364,3419,0.2734004430307574,0.40370539798719124
2025-07,473191,125539,24872,9628,8105,3757,0.26530301717488286,0.3871019620456739
2025-08,495570,108865,25626,10610,7919,3801,0.21967633230421535,0.41403262311714667
2025-09,503850,81660,26816,9864,8504,4065,0.16207204525156296,0.3678400954653938
2025-10,519786,76161,25547,7201,7413,3381,0.14652376170193118,0.28187262692292636
2025-11,496658,78131,25710,7473,6861,3654,0.1573134833225278,0.29066511085180863
2025-12,512474,56510,29279,6026,7859,3182,0.11026900876922537,0.20581304006284368
2026-01,541263,22227,31014,7375,9516,3788,0.04106506448805849,0.2377958341394209
2026-02,497120,12124,27397,4377,7401,1983,0.024388477631155456,0.1597620177391685
2026-03,614945,21640,33670,8263,8325,3362,0.03519013895551635,0.2454113454113454
2026-04,618293,21052,28037,6642,8229,3605,0.03404858214471133,0.2369012376502479
2026-05,619940,17528,27991,5723,7919,3035,0.028273703906829692,0.20445857597084777
2026-06,620794,16820,27629,5098,7453,2840,0.02709433403029024,0.18451626913750047
2026-07,672036,10002,24649,2727,8027,1822,0.014883131260825314,0.11063329141141628
2026-08,667140,1,20398,0,7996,0,1.4989357556135144e-06,0.0
