period,n,included,unknown_or_excluded_fraction,label_entropy_bits,exact_unique,exact_within_repeats,exact_prior_period,characters_mean,characters_median,characters_p05,characters_p95,characters_max,words_mean,words_median,words_p05,words_p95,words_max
train,46493,46493,0.0,1.994697280233257,34343,12150,0,850.3069064160196,494.0,119.0,2614.4000000000015,32598.0,148.07246252123974,88.0,18.0,452.0,5905.0
validation,17201,17201,0.0,2.007332816278677,12092,5109,4437,866.3973024824138,554.0,127.0,2705.0,25148.0,149.58659380268588,97.0,21.0,460.0,4022.0
2024Q4,18377,18377,0.0,2.1136928333237877,14047,4330,3147,977.8523698100887,583.0,119.0,3122.2000000000007,32503.0,167.40245959623442,101.0,20.0,521.0,5678.0
2025Q1,22959,22959,0.0,2.109703546974852,18926,4033,3444,976.8708567446317,600.0,111.0,2989.0,31856.0,166.4877390130232,107.0,20.0,505.0,5220.0
2025Q2,26848,26848,0.0,2.0811726959120773,19148,7700,4393,872.9827547675804,505.0,134.0,2602.0,31512.0,148.49724374255067,88.0,24.0,437.0,4839.0
2025Q3,30102,30102,0.0,2.0633758902197123,21818,8284,6419,903.4932894824265,566.0,138.0,2537.0,31363.0,152.69344229619296,98.0,25.0,423.0,5111.0
2025Q4,20700,20700,0.0,2.2050820781833784,16608,4092,2806,1095.188309178744,693.0,137.0,3158.0,31140.0,181.92454106280192,115.0,24.0,516.0,5015.0
2026Q1,20015,20015,0.0,2.0313180574228356,15406,4609,2973,1019.7982513115163,759.0,159.0,2758.2999999999993,28936.0,168.5781164126905,131.0,28.700000000000045,446.2999999999993,4547.0
2026Q2,17463,17463,0.0,2.0999581752883865,13666,3797,2723,1122.7043463322452,810.0,157.0,3089.899999999998,18490.0,183.63734753478784,127.0,28.0,500.0,3063.0
2026-07,2727,2727,0.0,2.107067397577251,2262,465,494,1113.2189218921892,811.0,147.0,3174.5999999999967,11669.0,183.73340667400075,134.0,26.0,516.0,1819.0
