period,n,families,family_prior_period,seen_historical_fraction,novel_records,novel_families,largest_family
train,46493,30642,0,1.0,0,0,1515
validation,17201,11038,4692,1.0,0,0,1210
2024Q4,18377,12476,3915,0.21303803667628013,14462,12317,1205
2025Q1,22959,17172,4075,0.13785443616882267,19794,17063,878
2025Q2,26848,17113,4919,0.132896305125149,23280,17034,2039
2025Q3,30102,20022,7215,0.10580692312803136,26917,19964,2120
2025Q4,20700,15199,3740,0.009565217391304347,20502,15164,1487
2026Q1,20015,13452,3908,0.006345241069198102,19888,13428,1306
2026Q2,17463,12471,3381,0.013457023420947145,17228,12441,675
2026-07,2727,2038,668,0.005500550055005501,2712,2029,228
