product,period,issue,population,n
Credit card,2024Q4,"Advertising and marketing, including promotional offers",all,629
Credit card,2024Q4,"Advertising and marketing, including promotional offers",narratives,423
Credit card,2024Q4,Closing your account,all,1167
Credit card,2024Q4,Closing your account,narratives,668
Credit card,2024Q4,Credit monitoring or identity theft protection services,all,43
Credit card,2024Q4,Credit monitoring or identity theft protection services,narratives,20
Credit card,2024Q4,Fees or interest,all,1669
Credit card,2024Q4,Fees or interest,narratives,1034
Credit card,2024Q4,Getting a credit card,all,2440
Credit card,2024Q4,Getting a credit card,narratives,1084
Credit card,2024Q4,Improper use of your report,all,189
Credit card,2024Q4,Improper use of your report,narratives,78
Credit card,2024Q4,Incorrect information on your report,all,3587
Credit card,2024Q4,Incorrect information on your report,narratives,345
Credit card,2024Q4,"Other features, terms, or problems",all,1765
Credit card,2024Q4,"Other features, terms, or problems",narratives,1027
Credit card,2024Q4,Problem when making payments,all,1047
Credit card,2024Q4,Problem when making payments,narratives,585
Credit card,2024Q4,Problem with a company's investigation into an existing problem,all,2777
Credit card,2024Q4,Problem with a company's investigation into an existing problem,narratives,345
Credit card,2024Q4,Problem with a purchase shown on your statement,all,3782
Credit card,2024Q4,Problem with a purchase shown on your statement,narratives,2176
Credit card,2024Q4,Problem with fraud alerts or security freezes,all,13
Credit card,2024Q4,Problem with fraud alerts or security freezes,narratives,9
Credit card,2024Q4,Struggling to pay your bill,all,247
Credit card,2024Q4,Struggling to pay your bill,narratives,124
Credit card,2024Q4,Trouble using your card,all,600
Credit card,2024Q4,Trouble using your card,narratives,372
Credit card,2024Q4,Unable to get your credit report or credit score,all,13
Credit card,2024Q4,Unable to get your credit report or credit score,narratives,5
Credit card,2025Q1,"Advertising and marketing, including promotional offers",all,725
Credit card,2025Q1,"Advertising and marketing, including promotional offers",narratives,480
Credit card,2025Q1,Closing your account,all,1386
Credit card,2025Q1,Closing your account,narratives,837
Credit card,2025Q1,Credit monitoring or identity theft protection services,all,51
Credit card,2025Q1,Credit monitoring or identity theft protection services,narratives,33
Credit card,2025Q1,Fees or interest,all,2166
Credit card,2025Q1,Fees or interest,narratives,1378
Credit card,2025Q1,Getting a credit card,all,2799
Credit card,2025Q1,Getting a credit card,narratives,1206
Credit card,2025Q1,Improper use of your report,all,213
Credit card,2025Q1,Improper use of your report,narratives,112
Credit card,2025Q1,Incorrect information on your report,all,2132
Credit card,2025Q1,Incorrect information on your report,narratives,371
Credit card,2025Q1,"Other features, terms, or problems",all,2046
Credit card,2025Q1,"Other features, terms, or problems",narratives,1216
Credit card,2025Q1,Problem when making payments,all,1338
Credit card,2025Q1,Problem when making payments,narratives,680
Credit card,2025Q1,Problem with a company's investigation into an existing problem,all,3607
Credit card,2025Q1,Problem with a company's investigation into an existing problem,narratives,640
Credit card,2025Q1,Problem with a purchase shown on your statement,all,4124
Credit card,2025Q1,Problem with a purchase shown on your statement,narratives,2417
Credit card,2025Q1,Problem with fraud alerts or security freezes,all,21
Credit card,2025Q1,Problem with fraud alerts or security freezes,narratives,7
Credit card,2025Q1,Struggling to pay your bill,all,286
Credit card,2025Q1,Struggling to pay your bill,narratives,132
Credit card,2025Q1,Trouble using your card,all,634
Credit card,2025Q1,Trouble using your card,narratives,412
Credit card,2025Q1,Unable to get your credit report or credit score,all,13
Credit card,2025Q1,Unable to get your credit report or credit score,narratives,8
Credit card,2025Q2,"Advertising and marketing, including promotional offers",all,724
Credit card,2025Q2,"Advertising and marketing, including promotional offers",narratives,473
Credit card,2025Q2,Closing your account,all,1575
Credit card,2025Q2,Closing your account,narratives,946
Credit card,2025Q2,Credit monitoring or identity theft protection services,all,47
Credit card,2025Q2,Credit monitoring or identity theft protection services,narratives,24
Credit card,2025Q2,Fees or interest,all,1755
Credit card,2025Q2,Fees or interest,narratives,1177
Credit card,2025Q2,Getting a credit card,all,2593
Credit card,2025Q2,Getting a credit card,narratives,1177
Credit card,2025Q2,Improper use of your report,all,189
Credit card,2025Q2,Improper use of your report,narratives,100
Credit card,2025Q2,Incorrect information on your report,all,3883
Credit card,2025Q2,Incorrect information on your report,narratives,465
Credit card,2025Q2,"Other features, terms, or problems",all,1973
Credit card,2025Q2,"Other features, terms, or problems",narratives,1188
Credit card,2025Q2,Problem when making payments,all,1121
Credit card,2025Q2,Problem when making payments,narratives,627
Credit card,2025Q2,Problem with a company's investigation into an existing problem,all,2360
Credit card,2025Q2,Problem with a company's investigation into an existing problem,narratives,236
Credit card,2025Q2,Problem with a purchase shown on your statement,all,4525
Credit card,2025Q2,Problem with a purchase shown on your statement,narratives,2698
Credit card,2025Q2,Problem with fraud alerts or security freezes,all,17
Credit card,2025Q2,Problem with fraud alerts or security freezes,narratives,8
Credit card,2025Q2,Struggling to pay your bill,all,262
Credit card,2025Q2,Struggling to pay your bill,narratives,136
Credit card,2025Q2,Trouble using your card,all,739
Credit card,2025Q2,Trouble using your card,narratives,486
Credit card,2025Q2,Unable to get your credit report or credit score,all,13
Credit card,2025Q2,Unable to get your credit report or credit score,narratives,6
Credit card,2025Q3,"Advertising and marketing, including promotional offers",all,786
Credit card,2025Q3,"Advertising and marketing, including promotional offers",narratives,534
Credit card,2025Q3,Closing your account,all,1583
Credit card,2025Q3,Closing your account,narratives,909
Credit card,2025Q3,Credit monitoring or identity theft protection services,all,48
Credit card,2025Q3,Credit monitoring or identity theft protection services,narratives,32
Credit card,2025Q3,Fees or interest,all,1819
Credit card,2025Q3,Fees or interest,narratives,1124
Credit card,2025Q3,Getting a credit card,all,2929
Credit card,2025Q3,Getting a credit card,narratives,1365
Credit card,2025Q3,Improper use of your report,all,174
Credit card,2025Q3,Improper use of your report,narratives,82
Credit card,2025Q3,Incorrect information on your report,all,4337
Credit card,2025Q3,Incorrect information on your report,narratives,1064
Credit card,2025Q3,"Other features, terms, or problems",all,2165
Credit card,2025Q3,"Other features, terms, or problems",narratives,1315
Credit card,2025Q3,Problem when making payments,all,1051
Credit card,2025Q3,Problem when making payments,narratives,607
Credit card,2025Q3,Problem with a company's investigation into an existing problem,all,3287
Credit card,2025Q3,Problem with a company's investigation into an existing problem,narratives,838
Credit card,2025Q3,Problem with a purchase shown on your statement,all,5197
Credit card,2025Q3,Problem with a purchase shown on your statement,narratives,3043
Credit card,2025Q3,Problem with fraud alerts or security freezes,all,29
Credit card,2025Q3,Problem with fraud alerts or security freezes,narratives,17
Credit card,2025Q3,Struggling to pay your bill,all,347
Credit card,2025Q3,Struggling to pay your bill,narratives,180
Credit card,2025Q3,Trouble using your card,all,768
Credit card,2025Q3,Trouble using your card,narratives,509
Credit card,2025Q3,Unable to get your credit report or credit score,all,8
Credit card,2025Q3,Unable to get your credit report or credit score,narratives,4
Credit card,2025Q4,"Advertising and marketing, including promotional offers",all,870
Credit card,2025Q4,"Advertising and marketing, including promotional offers",narratives,501
Credit card,2025Q4,Closing your account,all,1680
Credit card,2025Q4,Closing your account,narratives,851
Credit card,2025Q4,Credit monitoring or identity theft protection services,all,41
Credit card,2025Q4,Credit monitoring or identity theft protection services,narratives,17
Credit card,2025Q4,Fees or interest,all,2096
Credit card,2025Q4,Fees or interest,narratives,1146
Credit card,2025Q4,Getting a credit card,all,2484
Credit card,2025Q4,Getting a credit card,narratives,1056
Credit card,2025Q4,Improper use of your report,all,168
Credit card,2025Q4,Improper use of your report,narratives,80
Credit card,2025Q4,Incorrect information on your report,all,3383
Credit card,2025Q4,Incorrect information on your report,narratives,952
Credit card,2025Q4,"Other features, terms, or problems",all,2232
Credit card,2025Q4,"Other features, terms, or problems",narratives,1205
Credit card,2025Q4,Problem when making payments,all,1086
Credit card,2025Q4,Problem when making payments,narratives,513
Credit card,2025Q4,Problem with a company's investigation into an existing problem,all,872
Credit card,2025Q4,Problem with a company's investigation into an existing problem,narratives,320
Credit card,2025Q4,Problem with a purchase shown on your statement,all,5964
Credit card,2025Q4,Problem with a purchase shown on your statement,narratives,2944
Credit card,2025Q4,Problem with fraud alerts or security freezes,all,25
Credit card,2025Q4,Problem with fraud alerts or security freezes,narratives,12
Credit card,2025Q4,Struggling to pay your bill,all,338
Credit card,2025Q4,Struggling to pay your bill,narratives,145
Credit card,2025Q4,Trouble using your card,all,879
Credit card,2025Q4,Trouble using your card,narratives,468
Credit card,2025Q4,Unable to get your credit report or credit score,all,15
Credit card,2025Q4,Unable to get your credit report or credit score,narratives,7
Credit card,2026-07,"Advertising and marketing, including promotional offers",all,418
Credit card,2026-07,"Advertising and marketing, including promotional offers",narratives,110
Credit card,2026-07,Closing your account,all,555
Credit card,2026-07,Closing your account,narratives,139
Credit card,2026-07,Credit monitoring or identity theft protection services,all,15
Credit card,2026-07,Credit monitoring or identity theft protection services,narratives,4
Credit card,2026-07,Fees or interest,all,893
Credit card,2026-07,Fees or interest,narratives,226
Credit card,2026-07,Getting a credit card,all,943
Credit card,2026-07,Getting a credit card,narratives,188
Credit card,2026-07,Improper use of your report,all,53
Credit card,2026-07,Improper use of your report,narratives,13
Credit card,2026-07,Incorrect information on your report,all,413
Credit card,2026-07,Incorrect information on your report,narratives,47
Credit card,2026-07,"Other features, terms, or problems",all,951
Credit card,2026-07,"Other features, terms, or problems",narratives,232
Credit card,2026-07,Problem when making payments,all,404
Credit card,2026-07,Problem when making payments,narratives,111
Credit card,2026-07,Problem with a company's investigation into an existing problem,all,242
Credit card,2026-07,Problem with a company's investigation into an existing problem,narratives,45
Credit card,2026-07,Problem with a purchase shown on your statement,all,2662
Credit card,2026-07,Problem with a purchase shown on your statement,narratives,585
Credit card,2026-07,Problem with fraud alerts or security freezes,all,9
Credit card,2026-07,Problem with fraud alerts or security freezes,narratives,2
Credit card,2026-07,Struggling to pay your bill,all,111
Credit card,2026-07,Struggling to pay your bill,narratives,20
Credit card,2026-07,Trouble using your card,all,352
Credit card,2026-07,Trouble using your card,narratives,99
Credit card,2026-07,Unable to get your credit report or credit score,all,6
Credit card,2026-07,Unable to get your credit report or credit score,narratives,1
Credit card,2026-08,"Advertising and marketing, including promotional offers",all,387
Credit card,2026-08,Closing your account,all,562
Credit card,2026-08,Credit monitoring or identity theft protection services,all,10
Credit card,2026-08,Fees or interest,all,899
Credit card,2026-08,Getting a credit card,all,947
Credit card,2026-08,Improper use of your report,all,38
Credit card,2026-08,Incorrect information on your report,all,415
Credit card,2026-08,"Other features, terms, or problems",all,976
Credit card,2026-08,Problem when making payments,all,368
Credit card,2026-08,Problem with a company's investigation into an existing problem,all,178
Credit card,2026-08,Problem with a purchase shown on your statement,all,2724
Credit card,2026-08,Problem with fraud alerts or security freezes,all,2
Credit card,2026-08,Struggling to pay your bill,all,135
Credit card,2026-08,Trouble using your card,all,353
Credit card,2026-08,Unable to get your credit report or credit score,all,2
Credit card,2026Q1,"Advertising and marketing, including promotional offers",all,1056
Credit card,2026Q1,"Advertising and marketing, including promotional offers",narratives,462
Credit card,2026Q1,Closing your account,all,1600
Credit card,2026Q1,Closing your account,narratives,641
Credit card,2026Q1,Credit monitoring or identity theft protection services,all,65
Credit card,2026Q1,Credit monitoring or identity theft protection services,narratives,23
Credit card,2026Q1,Fees or interest,all,2681
Credit card,2026Q1,Fees or interest,narratives,1163
Credit card,2026Q1,Getting a credit card,all,2915
Credit card,2026Q1,Getting a credit card,narratives,864
Credit card,2026Q1,Improper use of your report,all,197
Credit card,2026Q1,Improper use of your report,narratives,57
Credit card,2026Q1,Incorrect information on your report,all,2198
Credit card,2026Q1,Incorrect information on your report,narratives,400
Credit card,2026Q1,"Other features, terms, or problems",all,2794
Credit card,2026Q1,"Other features, terms, or problems",narratives,1148
Credit card,2026Q1,Problem when making payments,all,1281
Credit card,2026Q1,Problem when making payments,narratives,493
Credit card,2026Q1,Problem with a company's investigation into an existing problem,all,953
Credit card,2026Q1,Problem with a company's investigation into an existing problem,narratives,207
Credit card,2026Q1,Problem with a purchase shown on your statement,all,8202
Credit card,2026Q1,Problem with a purchase shown on your statement,narratives,3151
Credit card,2026Q1,Problem with fraud alerts or security freezes,all,29
Credit card,2026Q1,Problem with fraud alerts or security freezes,narratives,15
Credit card,2026Q1,Struggling to pay your bill,all,363
Credit card,2026Q1,Struggling to pay your bill,narratives,113
Credit card,2026Q1,Trouble using your card,all,894
Credit card,2026Q1,Trouble using your card,narratives,391
Credit card,2026Q1,Unable to get your credit report or credit score,all,14
Credit card,2026Q1,Unable to get your credit report or credit score,narratives,5
Credit card,2026Q2,"Advertising and marketing, including promotional offers",all,1066
Credit card,2026Q2,"Advertising and marketing, including promotional offers",narratives,518
Credit card,2026Q2,Closing your account,all,1599
Credit card,2026Q2,Closing your account,narratives,708
Credit card,2026Q2,Credit monitoring or identity theft protection services,all,47
Credit card,2026Q2,Credit monitoring or identity theft protection services,narratives,27
Credit card,2026Q2,Fees or interest,all,2351
Credit card,2026Q2,Fees or interest,narratives,1062
Credit card,2026Q2,Getting a credit card,all,2655
Credit card,2026Q2,Getting a credit card,narratives,935
Credit card,2026Q2,Improper use of your report,all,115
Credit card,2026Q2,Improper use of your report,narratives,43
Credit card,2026Q2,Incorrect information on your report,all,1284
Credit card,2026Q2,Incorrect information on your report,narratives,337
Credit card,2026Q2,"Other features, terms, or problems",all,2795
Credit card,2026Q2,"Other features, terms, or problems",narratives,1192
Credit card,2026Q2,Problem when making payments,all,1266
Credit card,2026Q2,Problem when making payments,narratives,511
Credit card,2026Q2,Problem with a company's investigation into an existing problem,all,996
Credit card,2026Q2,Problem with a company's investigation into an existing problem,narratives,230
Credit card,2026Q2,Problem with a purchase shown on your statement,all,8168
Credit card,2026Q2,Problem with a purchase shown on your statement,narratives,3351
Credit card,2026Q2,Problem with fraud alerts or security freezes,all,29
Credit card,2026Q2,Problem with fraud alerts or security freezes,narratives,15
Credit card,2026Q2,Struggling to pay your bill,all,304
Credit card,2026Q2,Struggling to pay your bill,narratives,112
Credit card,2026Q2,Trouble using your card,all,919
Credit card,2026Q2,Trouble using your card,narratives,438
Credit card,2026Q2,Unable to get your credit report or credit score,all,7
Credit card,2026Q2,Unable to get your credit report or credit score,narratives,1
Credit card,train,"Advertising and marketing, including promotional offers",all,2240
Credit card,train,"Advertising and marketing, including promotional offers",narratives,1453
Credit card,train,Closing your account,all,3170
Credit card,train,Closing your account,narratives,1890
Credit card,train,Credit monitoring or identity theft protection services,all,145
Credit card,train,Credit monitoring or identity theft protection services,narratives,86
Credit card,train,Fees or interest,all,4509
Credit card,train,Fees or interest,narratives,2764
Credit card,train,Getting a credit card,all,7613
Credit card,train,Getting a credit card,narratives,3300
Credit card,train,Improper use of your report,all,752
Credit card,train,Improper use of your report,narratives,341
Credit card,train,Incorrect information on your report,all,5221
Credit card,train,Incorrect information on your report,narratives,2669
Credit card,train,"Other features, terms, or problems",all,5953
Credit card,train,"Other features, terms, or problems",narratives,3204
Credit card,train,Problem when making payments,all,3249
Credit card,train,Problem when making payments,narratives,1664
Credit card,train,Problem with a company's investigation into an existing problem,all,9050
Credit card,train,Problem with a company's investigation into an existing problem,narratives,5848
Credit card,train,Problem with a purchase shown on your statement,all,11650
Credit card,train,Problem with a purchase shown on your statement,narratives,6622
Credit card,train,Problem with fraud alerts or security freezes,all,50
Credit card,train,Problem with fraud alerts or security freezes,narratives,31
Credit card,train,Struggling to pay your bill,all,570
Credit card,train,Struggling to pay your bill,narratives,296
Credit card,train,Trouble using your card,all,1753
Credit card,train,Trouble using your card,narratives,1088
Credit card,train,Unable to get your credit report or credit score,all,21
Credit card,train,Unable to get your credit report or credit score,narratives,10
Credit card,validation,"Advertising and marketing, including promotional offers",all,602
Credit card,validation,"Advertising and marketing, including promotional offers",narratives,409
Credit card,validation,Closing your account,all,1075
Credit card,validation,Closing your account,narratives,651
Credit card,validation,Credit monitoring or identity theft protection services,all,42
Credit card,validation,Credit monitoring or identity theft protection services,narratives,21
Credit card,validation,Fees or interest,all,1697
Credit card,validation,Fees or interest,narratives,1029
Credit card,validation,Getting a credit card,all,2649
Credit card,validation,Getting a credit card,narratives,1172
Credit card,validation,Improper use of your report,all,194
Credit card,validation,Improper use of your report,narratives,82
Credit card,validation,Incorrect information on your report,all,5498
Credit card,validation,Incorrect information on your report,narratives,476
Credit card,validation,"Other features, terms, or problems",all,1663
Credit card,validation,"Other features, terms, or problems",narratives,949
Credit card,validation,Problem when making payments,all,1047
Credit card,validation,Problem when making payments,narratives,541
Credit card,validation,Problem with a company's investigation into an existing problem,all,1833
Credit card,validation,Problem with a company's investigation into an existing problem,narratives,165
Credit card,validation,Problem with a purchase shown on your statement,all,3570
Credit card,validation,Problem with a purchase shown on your statement,narratives,2001
Credit card,validation,Problem with fraud alerts or security freezes,all,14
Credit card,validation,Problem with fraud alerts or security freezes,narratives,10
Credit card,validation,Struggling to pay your bill,all,236
Credit card,validation,Struggling to pay your bill,narratives,117
Credit card,validation,Trouble using your card,all,605
Credit card,validation,Trouble using your card,narratives,380
Credit card,validation,Unable to get your credit report or credit score,all,7
Credit card,validation,Unable to get your credit report or credit score,narratives,4
Debt collection,2024Q4,Attempts to collect debt not owed,all,20280
Debt collection,2024Q4,Attempts to collect debt not owed,narratives,8648
Debt collection,2024Q4,Communication tactics,all,1895
Debt collection,2024Q4,Communication tactics,narratives,937
Debt collection,2024Q4,Electronic communications,all,686
Debt collection,2024Q4,Electronic communications,narratives,345
Debt collection,2024Q4,False statements or representation,all,10218
Debt collection,2024Q4,False statements or representation,narratives,2811
Debt collection,2024Q4,Threatened to contact someone or share information improperly,all,413
Debt collection,2024Q4,Threatened to contact someone or share information improperly,narratives,224
Debt collection,2024Q4,Took or threatened to take negative or legal action,all,4196
Debt collection,2024Q4,Took or threatened to take negative or legal action,narratives,1695
Debt collection,2024Q4,Written notification about debt,all,11673
Debt collection,2024Q4,Written notification about debt,narratives,3717
Debt collection,2025Q1,Attempts to collect debt not owed,all,28295
Debt collection,2025Q1,Attempts to collect debt not owed,narratives,11390
Debt collection,2025Q1,Communication tactics,all,2468
Debt collection,2025Q1,Communication tactics,narratives,1348
Debt collection,2025Q1,Electronic communications,all,995
Debt collection,2025Q1,Electronic communications,narratives,553
Debt collection,2025Q1,False statements or representation,all,9199
Debt collection,2025Q1,False statements or representation,narratives,3590
Debt collection,2025Q1,Threatened to contact someone or share information improperly,all,622
Debt collection,2025Q1,Threatened to contact someone or share information improperly,narratives,321
Debt collection,2025Q1,Took or threatened to take negative or legal action,all,6530
Debt collection,2025Q1,Took or threatened to take negative or legal action,narratives,1990
Debt collection,2025Q1,Written notification about debt,all,13122
Debt collection,2025Q1,Written notification about debt,narratives,3767
Debt collection,2025Q2,Attempts to collect debt not owed,all,27695
Debt collection,2025Q2,Attempts to collect debt not owed,narratives,11686
Debt collection,2025Q2,Communication tactics,all,2319
Debt collection,2025Q2,Communication tactics,narratives,1277
Debt collection,2025Q2,Electronic communications,all,986
Debt collection,2025Q2,Electronic communications,narratives,557
Debt collection,2025Q2,False statements or representation,all,8687
Debt collection,2025Q2,False statements or representation,narratives,3279
Debt collection,2025Q2,Threatened to contact someone or share information improperly,all,671
Debt collection,2025Q2,Threatened to contact someone or share information improperly,narratives,344
Debt collection,2025Q2,Took or threatened to take negative or legal action,all,6023
Debt collection,2025Q2,Took or threatened to take negative or legal action,narratives,1826
Debt collection,2025Q2,Written notification about debt,all,17742
Debt collection,2025Q2,Written notification about debt,narratives,7879
Debt collection,2025Q3,Attempts to collect debt not owed,all,31235
Debt collection,2025Q3,Attempts to collect debt not owed,narratives,13919
Debt collection,2025Q3,Communication tactics,all,2399
Debt collection,2025Q3,Communication tactics,narratives,1368
Debt collection,2025Q3,Electronic communications,all,1146
Debt collection,2025Q3,Electronic communications,narratives,584
Debt collection,2025Q3,False statements or representation,all,10901
Debt collection,2025Q3,False statements or representation,narratives,4076
Debt collection,2025Q3,Threatened to contact someone or share information improperly,all,652
Debt collection,2025Q3,Threatened to contact someone or share information improperly,narratives,363
Debt collection,2025Q3,Took or threatened to take negative or legal action,all,11969
Debt collection,2025Q3,Took or threatened to take negative or legal action,narratives,2058
Debt collection,2025Q3,Written notification about debt,all,19012
Debt collection,2025Q3,Written notification about debt,narratives,7734
Debt collection,2025Q4,Attempts to collect debt not owed,all,28457
Debt collection,2025Q4,Attempts to collect debt not owed,narratives,8777
Debt collection,2025Q4,Communication tactics,all,2333
Debt collection,2025Q4,Communication tactics,narratives,1028
Debt collection,2025Q4,Electronic communications,all,1185
Debt collection,2025Q4,Electronic communications,narratives,526
Debt collection,2025Q4,False statements or representation,all,9674
Debt collection,2025Q4,False statements or representation,narratives,3088
Debt collection,2025Q4,Threatened to contact someone or share information improperly,all,658
Debt collection,2025Q4,Threatened to contact someone or share information improperly,narratives,314
Debt collection,2025Q4,Took or threatened to take negative or legal action,all,24056
Debt collection,2025Q4,Took or threatened to take negative or legal action,narratives,2159
Debt collection,2025Q4,Written notification about debt,all,14173
Debt collection,2025Q4,Written notification about debt,narratives,4808
Debt collection,2026-07,Attempts to collect debt not owed,all,11273
Debt collection,2026-07,Attempts to collect debt not owed,narratives,1250
Debt collection,2026-07,Communication tactics,all,711
Debt collection,2026-07,Communication tactics,narratives,137
Debt collection,2026-07,Electronic communications,all,434
Debt collection,2026-07,Electronic communications,narratives,72
Debt collection,2026-07,False statements or representation,all,2257
Debt collection,2026-07,False statements or representation,narratives,359
Debt collection,2026-07,Threatened to contact someone or share information improperly,all,249
Debt collection,2026-07,Threatened to contact someone or share information improperly,narratives,35
Debt collection,2026-07,Took or threatened to take negative or legal action,all,5532
Debt collection,2026-07,Took or threatened to take negative or legal action,narratives,193
Debt collection,2026-07,Written notification about debt,all,4193
Debt collection,2026-07,Written notification about debt,narratives,681
Debt collection,2026-08,Attempts to collect debt not owed,all,10439
Debt collection,2026-08,Communication tactics,all,624
Debt collection,2026-08,Electronic communications,all,353
Debt collection,2026-08,False statements or representation,all,2058
Debt collection,2026-08,Threatened to contact someone or share information improperly,all,218
Debt collection,2026-08,Took or threatened to take negative or legal action,all,3105
Debt collection,2026-08,Written notification about debt,all,3601
Debt collection,2026Q1,Attempts to collect debt not owed,all,40617
Debt collection,2026Q1,Attempts to collect debt not owed,narratives,10576
Debt collection,2026Q1,Communication tactics,all,2471
Debt collection,2026Q1,Communication tactics,narratives,897
Debt collection,2026Q1,Electronic communications,all,1288
Debt collection,2026Q1,Electronic communications,narratives,474
Debt collection,2026Q1,False statements or representation,all,9705
Debt collection,2026Q1,False statements or representation,narratives,2665
Debt collection,2026Q1,Threatened to contact someone or share information improperly,all,672
Debt collection,2026Q1,Threatened to contact someone or share information improperly,narratives,290
Debt collection,2026Q1,Took or threatened to take negative or legal action,all,22837
Debt collection,2026Q1,Took or threatened to take negative or legal action,narratives,1767
Debt collection,2026Q1,Written notification about debt,all,14491
Debt collection,2026Q1,Written notification about debt,narratives,3346
Debt collection,2026Q2,Attempts to collect debt not owed,all,37950
Debt collection,2026Q2,Attempts to collect debt not owed,narratives,8574
Debt collection,2026Q2,Communication tactics,all,2267
Debt collection,2026Q2,Communication tactics,narratives,862
Debt collection,2026Q2,Electronic communications,all,1007
Debt collection,2026Q2,Electronic communications,narratives,376
Debt collection,2026Q2,False statements or representation,all,8036
Debt collection,2026Q2,False statements or representation,narratives,2498
Debt collection,2026Q2,Threatened to contact someone or share information improperly,all,581
Debt collection,2026Q2,Threatened to contact someone or share information improperly,narratives,229
Debt collection,2026Q2,Took or threatened to take negative or legal action,all,21727
Debt collection,2026Q2,Took or threatened to take negative or legal action,narratives,1742
Debt collection,2026Q2,Written notification about debt,all,12089
Debt collection,2026Q2,Written notification about debt,narratives,3182
Debt collection,train,Attempts to collect debt not owed,all,41979
Debt collection,train,Attempts to collect debt not owed,narratives,20389
Debt collection,train,Communication tactics,all,4345
Debt collection,train,Communication tactics,narratives,2522
Debt collection,train,Electronic communications,all,1317
Debt collection,train,Electronic communications,narratives,724
Debt collection,train,False statements or representation,all,4902
Debt collection,train,False statements or representation,narratives,3047
Debt collection,train,Threatened to contact someone or share information improperly,all,1164
Debt collection,train,Threatened to contact someone or share information improperly,narratives,617
Debt collection,train,Took or threatened to take negative or legal action,all,6153
Debt collection,train,Took or threatened to take negative or legal action,narratives,3530
Debt collection,train,Written notification about debt,all,27329
Debt collection,train,Written notification about debt,narratives,15664
Debt collection,validation,Attempts to collect debt not owed,all,19423
Debt collection,validation,Attempts to collect debt not owed,narratives,8320
Debt collection,validation,Communication tactics,all,1769
Debt collection,validation,Communication tactics,narratives,928
Debt collection,validation,Electronic communications,all,616
Debt collection,validation,Electronic communications,narratives,298
Debt collection,validation,False statements or representation,all,3417
Debt collection,validation,False statements or representation,narratives,1469
Debt collection,validation,Threatened to contact someone or share information improperly,all,398
Debt collection,validation,Threatened to contact someone or share information improperly,narratives,197
Debt collection,validation,Took or threatened to take negative or legal action,all,2451
Debt collection,validation,Took or threatened to take negative or legal action,narratives,1320
Debt collection,validation,Written notification about debt,all,13721
Debt collection,validation,Written notification about debt,narratives,4669
