model,period,subset,threshold,accepted,coverage,accepted_accuracy,risk,accuracy,improvement
normal,validation,operational,0.5,13639,0.7929190163362595,0.762885842070533,0.237114157929467,0.6846694959595372,0.07821634611099582
normal,validation,operational,0.6,11382,0.6617057147840242,0.8198031980319803,0.1801968019680196,0.6846694959595372,0.13513370207244313
normal,validation,operational,0.7,9272,0.5390384279983722,0.8768334771354616,0.1231665228645384,0.6846694959595372,0.19216398117592437
normal,validation,operational,0.8,6909,0.4016626940294169,0.9206831668837748,0.0793168331162251,0.6846694959595372,0.23601367092423764
normal,validation,operational,0.9,5187,0.3015522353351549,0.9651050703682282,0.0348949296317717,0.6846694959595372,0.28043557440869105
normal,validation,operational,0.95,1260,0.0732515551421429,0.9476190476190476,0.0523809523809524,0.6846694959595372,0.2629495516595104
normal,2024Q4,operational,0.5,13831,0.7526255645644011,0.643698937170125,0.3563010628298749,0.576644718942156,0.06705421822796909
normal,2024Q4,operational,0.6,10780,0.5866028187408173,0.7189239332096475,0.2810760667903524,0.576644718942156,0.14227921426749157
normal,2024Q4,operational,0.7,8399,0.4570386896664308,0.7877128229551137,0.2122871770448863,0.576644718942156,0.21106810401295772
normal,2024Q4,operational,0.8,5898,0.3209446590847254,0.8346897253306206,0.1653102746693794,0.576644718942156,0.2580450063884646
normal,2024Q4,operational,0.9,3691,0.2008488871959514,0.9431048496342456,0.0568951503657545,0.576644718942156,0.3664601306920896
normal,2024Q4,operational,0.95,2043,0.1111715731621048,0.9637787567302986,0.0362212432697014,0.576644718942156,0.3871340377881426
normal,2025Q1,operational,0.5,16917,0.7368352280151574,0.6307856002837382,0.3692143997162618,0.5603467049958621,0.07043889528787606
normal,2025Q1,operational,0.6,13143,0.5724552463086371,0.6907098835882218,0.3092901164117781,0.5603467049958621,0.13036317859235969
normal,2025Q1,operational,0.7,10113,0.4404808571801907,0.7435973499456145,0.2564026500543854,0.5603467049958621,0.1832506449497524
normal,2025Q1,operational,0.8,6766,0.2946992464828608,0.7686964232929353,0.2313035767070647,0.5603467049958621,0.20834971829707316
normal,2025Q1,operational,0.9,3497,0.1523149962977481,0.9202173291392622,0.0797826708607377,0.5603467049958621,0.3598706241434001
normal,2025Q1,operational,0.95,917,0.0399407639705562,0.8844056706652127,0.1155943293347873,0.5603467049958621,0.32405896566935055
normal,2025Q2,operational,0.5,18688,0.6960667461263409,0.6682898116438356,0.3317101883561644,0.5487559594755661,0.1195338521682695
normal,2025Q2,operational,0.6,15280,0.569129916567342,0.7221204188481676,0.2778795811518324,0.5487559594755661,0.17336445937260148
normal,2025Q2,operational,0.7,12218,0.455080452920143,0.7691929939433623,0.2308070060566377,0.5487559594755661,0.22043703446779617
normal,2025Q2,operational,0.8,8650,0.322184147794994,0.793179190751445,0.2068208092485549,0.5487559594755661,0.24442323127587895
normal,2025Q2,operational,0.9,4788,0.1783373063170441,0.933375104427736,0.066624895572264,0.5487559594755661,0.38461914495216987
normal,2025Q2,operational,0.95,1069,0.0398167461263408,0.8914873713751169,0.108512628624883,0.5487559594755661,0.3427314118995508
normal,2025Q3,operational,0.5,20867,0.6932097535047506,0.6199741218191402,0.3800258781808597,0.5144840874360508,0.10549003438308946
normal,2025Q3,operational,0.6,16615,0.551956680619228,0.6668071020162504,0.3331928979837496,0.5144840874360508,0.1523230145801996
normal,2025Q3,operational,0.7,12715,0.4223971829114344,0.7074321667322061,0.2925678332677939,0.5144840874360508,0.19294807929615532
normal,2025Q3,operational,0.8,7701,0.2558301773968507,0.7621088170367485,0.2378911829632515,0.5144840874360508,0.2476247296006977
normal,2025Q3,operational,0.9,4693,0.1559032622417115,0.7432346047304496,0.2567653952695504,0.5144840874360508,0.22875051729439877
normal,2025Q3,operational,0.95,1140,0.0378712377915088,0.8903508771929824,0.1096491228070175,0.5144840874360508,0.37586678975693166
normal,2025Q4,operational,0.5,13267,0.6409178743961352,0.584231551971056,0.4157684480289439,0.4744927536231884,0.10973879834786765
normal,2025Q4,operational,0.6,9685,0.4678743961352657,0.6648425400103253,0.3351574599896747,0.4744927536231884,0.1903497863871369
normal,2025Q4,operational,0.7,6982,0.3372946859903382,0.731165855055858,0.268834144944142,0.4744927536231884,0.2566731014326696
normal,2025Q4,operational,0.8,3447,0.1665217391304347,0.7774876704380621,0.2225123295619379,0.4744927536231884,0.3029949168148737
normal,2025Q4,operational,0.9,1578,0.076231884057971,0.8238276299112801,0.1761723700887199,0.4744927536231884,0.34933487628809173
normal,2025Q4,operational,0.95,716,0.0345893719806763,0.8784916201117319,0.1215083798882681,0.4744927536231884,0.4039988664885435
normal,2026Q1,operational,0.5,14140,0.7064701473894579,0.5825318246110325,0.4174681753889675,0.4998750936797402,0.08265673093129228
normal,2026Q1,operational,0.6,10684,0.5337996502623032,0.6577124672407338,0.3422875327592661,0.4998750936797402,0.15783737356099364
normal,2026Q1,operational,0.7,7044,0.351936047964027,0.8069278818852924,0.1930721181147076,0.4998750936797402,0.3070527882055522
normal,2026Q1,operational,0.8,3318,0.1657756682488134,0.7905364677516576,0.2094635322483423,0.4998750936797402,0.29066137407191744
normal,2026Q1,operational,0.9,1452,0.0725455908068948,0.8050964187327824,0.1949035812672176,0.4998750936797402,0.30522132505304217
normal,2026Q1,operational,0.95,652,0.0325755683237571,0.8634969325153374,0.1365030674846625,0.4998750936797402,0.36362183883559723
normal,2026Q2,operational,0.5,12239,0.7008532325488175,0.6554457063485579,0.3445542936514421,0.5504208898814636,0.10502481646709427
normal,2026Q2,operational,0.6,9126,0.522590620168356,0.7313171159325006,0.2686828840674994,0.5504208898814636,0.18089622605103695
normal,2026Q2,operational,0.7,6147,0.3520013743343068,0.7681795998047828,0.2318204001952172,0.5504208898814636,0.21775870992331914
normal,2026Q2,operational,0.8,3146,0.1801523220523392,0.8308963763509218,0.1691036236490781,0.5504208898814636,0.2804754864694582
normal,2026Q2,operational,0.9,1492,0.0854377827406516,0.8840482573726541,0.1159517426273458,0.5504208898814636,0.3336273674911905
normal,2026Q2,operational,0.95,686,0.0392830556032754,0.9037900874635568,0.0962099125364431,0.5504208898814636,0.3533691975820932
